,org_unit_name,District_GIS,region,Jan19ratio,Feb19ratio,Mar19ratio,Apr19ratio,May19ratio,May19ratio,Jul19ratio,Aug19ratio,Sep19ratio,Oct19ratio,Nov19ratio,Dec19ratio,May_june_july_ratio,Oct_nov_Dec_ratio
0,Ablekuma Central,ABLEKUMA CENTRAL MUNICIPAL,Greater Accra,0.0005241180796103916,0.02673002206012997,0.022275018383441644,0.02804031725915595,0.011792656791233811,0.011792656791233811,0.03485385229409104,0.21357811744123456,0.17164867107240322,0.17662779282870197,0.21148164512279302,0.12840892950454594,0.05843916587655866,0.516518367456041
1,Ablekuma North,ABLEKUMA NORTH MUNICIPAL,Greater Accra,0.09198272297162371,0.05214974892123396,0.04900504044357161,0.044025918687272896,0.007861771194155874,0.007861771194155874,0.0,0.0,0.051887689881428764,0.0,0.029612671497987124,0.03249532093584428,0.015723542388311747,0.0621079924338314
2,Ablekuma West,ABLEKUMA WEST MUNICIPAL,Greater Accra,0.14701512133071484,0.09093448681240293,0.10220302552402635,0.08412095177746785,0.07311447210564963,0.07311447210564963,0.18868250865974098,0.136532759738507,0.15382865636564994,0.20571634624707869,0.3123743754477934,0.15880777812194863,0.33491145287104024,0.6768984998168206
3,Abuakwa North,ABUAKWA NORTH,Eastern,0.398853858583508,0.36033117973214424,0.3197120285623388,0.325215268398248,0.12605039814629918,0.12605039814629918,0.3115881983283778,0.2300878369489619,0.03249532093584428,0.2665140434818841,0.32207055992058564,0.06158387435422101,0.5636889946209762,0.6501684777566907
4,Abura-Asebu-Kwamankese,ABURA-ASEBU-KWAMANKESE,Central,0.388109437951495,0.31027790312935183,0.32862203591571554,0.3564002941350663,0.3663585376476637,0.3663585376476637,0.4701339174105213,0.31866379240311804,0.24423902509844247,0.42663211680285873,0.558185754785067,0.49791217562987194,1.2028509927058486,1.4827300472177978
5,Accra Metro,ACCRA METROPOLIS,Greater Accra,0.7091317617128597,0.6601267212692883,0.6703470238216909,0.6457134740800025,0.7924665363709121,0.7924665363709121,0.8383268683368214,0.6897393927672753,0.6700849647818856,0.9056760415667566,0.784342706136951,0.5568754595860411,2.4232599410786455,2.2468942072897486
6,Achiase ,ACHIASE ,Eastern,0.14465658997246808,0.10298920264344194,0.13522246453948103,0.19549604369467605,0.14727718037052004,0.14727718037052004,0.19890281121214362,0.12971922470357192,0.10744420632013027,0.1234298077482472,0.18868250865974098,0.21436429456065015,0.4934571719531837,0.5264766109686383
7,Ada East,ADA EAST,Greater Accra,0.175317497629676,0.14439453093266288,0.12762275238513035,0.09538949048909127,0.13862923205694858,0.13862923205694858,0.14753923941032523,0.12054715831039006,0.07678329866292237,0.16771778547532532,0.23113607310818268,0.14046364533558495,0.4247977035242224,0.5393175039190929
8,Ada West,ADA WEST,Greater Accra,0.07861771194155874,0.09643772664831204,0.07180417690662365,0.05870122491636386,0.0877897783347406,0.0877897783347406,0.037474442692143,0.09617566760850685,0.12264363062883163,0.09041036873279254,0.12133333542980565,0.07547300346389639,0.2130539993616242,0.2872167076264946
9,Adaklu,ADAKLU,Volta,0.1496357117287668,0.10456155688227313,0.10089273032500039,0.0872656602551302,0.0940791952900653,0.0940791952900653,0.235591076784871,0.18658603634129942,0.1478012984501304,0.21567458975967613,0.4158876961708457,0.16457307699766296,0.42374946736500163,0.7961353629281849
10,Adansi Akrofuom,ADANSI AKROFUOM,Ashanti,0.04455003676688329,0.05450828027948072,0.035902088453311824,0.04455003676688329,0.0437638596474677,0.0437638596474677,0.0741627082648704,0.052935926040649554,0.030136789577597516,0.05791504779694827,0.06656299611051973,0.04952915852318201,0.16169042755980578,0.17400720243065002
11,Adansi Asokwa,ADANSI ASOKWA,Ashanti,0.13889129109675377,0.11871274503175369,0.10482361592207833,0.08857595545415618,0.12578833910649398,0.12578833910649398,0.13941540917636416,0.10901656055896145,0.07363859018526002,0.1758416157092864,0.13260187414142907,0.1312915789424031,0.3909920873893521,0.4397350687931185
12,Adansi North,ADANSI NORTH,Ashanti,0.09512743144928608,0.0372123836523378,0.03301943901545467,0.08962419161337697,0.0681353503493509,0.0681353503493509,0.06970770458818208,0.04455003676688329,0.12211951254922124,0.09093448681240293,0.10141684840461077,0.11478185943467575,0.20597840528688388,0.3071331946516894
13,Adansi South,ADANSI SOUTH,Ashanti,0.11242332807642899,0.09853419896675361,0.06761123226974051,0.07311447210564963,0.08385889273766266,0.08385889273766266,0.1750554385898708,0.16693160835590973,0.04743268620474044,0.19706839793350722,0.21043340896357224,0.13889129109675377,0.3427732240651961,0.5463930979938333
14,Adentan,ADENTA MUNICIPAL,Greater Accra,0.2450252022178581,0.2054542872072735,0.27647228699448156,0.1375809958977278,0.199426929291754,0.199426929291754,0.24109431662078012,0.137843054937533,0.1996889883315592,0.3781511944388975,0.37133765940396246,0.19104104001798775,0.6399481752042881,0.9405298938608476
15,Afadjato South,AFADZATO SOUTH,Volta,0.19759251601311764,0.21960547535675407,0.19444780753545526,0.12578833910649398,0.16509719507727336,0.16509719507727336,0.28302376298961146,0.21567458975967613,0.1926133942568189,0.32102232376136486,0.30241613193519595,0.20964723184415665,0.6132181531441582,0.8330856875407175
16,Afigya Kwabre North,AFIGYA KWABRE NORTH,Ashanti,0.1488495346093512,0.11137509191720822,0.10796832439974066,0.10298920264344194,0.0815003613794159,0.0815003613794159,0.18213103266461106,0.10063067128519519,0.10377537976285753,0.26467963020324775,0.17872426514714354,0.15435277444526033,0.3451317554234429,0.5977566697956516
17,Afigya Kwabre South,AFIGYA KWABRE SOUTH,Ashanti,0.27752052315370235,0.500532766027924,0.48140245612214466,0.4004262128223392,0.5272627880880539,0.5272627880880539,0.6006393192335088,0.30922966697013105,0.5159942493764305,0.4730165668483784,0.4321353566387679,0.29114759322357253,1.6551648954096168,1.1962995167107189
18,Afram Plains South,KWAHU AFRAM PLAINS SOUTH,Eastern,0.18606191826168902,0.13600864165889662,0.12421598486766279,0.13391216934045505,0.14151188149480573,0.14151188149480573,0.1750554385898708,0.16771778547532532,0.15094600692779278,0.22484665615285798,0.20388193296844231,0.1850136821024682,0.45807920157948223,0.6137422712237686
19,Agona East,AGONA EAST,Central,0.24083225758097493,0.19051692193837735,0.20650252336649427,0.15225630212681876,0.1923513352170137,0.1923513352170137,0.335959689030261,0.26441757116344256,0.15513895156467591,0.25341109149162433,0.35037293621954674,0.23244636830720866,0.7206623594642885,0.8362303960183797
20,Agona West,AGONA WEST MUNICIPAL,Central,0.2882649437857154,0.1729589662714292,0.21148164512279302,0.21960547535675407,0.2882649437857154,0.2882649437857154,0.46201008717656017,0.22877754174993592,0.2172469439985073,0.307919371771105,0.4740648030075992,0.33464939383123504,1.0385399747479909,1.1166335686099393
21,Agortime-Ziope,AGOTIME ZIOPE,Volta,0.1061339111211043,0.06289416955324699,0.07285241306584443,0.07128005882701326,0.061321815314415815,0.061321815314415815,0.05214974892123396,0.13391216934045505,0.11347156423564977,0.16719366739571492,0.1627386637190266,0.07704535770272757,0.17479337955006558,0.4069776888174691
22,Ahafo Ano North,AHAFO ANO NORTH,Ashanti,0.32704968167688436,0.28380994010902705,0.2683484567605205,0.24083225758097493,0.2565557999692867,0.2565557999692867,0.42637005776305353,0.3776270763592871,0.32704968167688436,0.35561411701565065,0.40409503937961194,0.3254773274380532,0.939481657701627,1.0851864838333158
23,Ahafo Ano South East,AHAFO ANO SOUTH EAST,Ashanti,0.18448956402285782,0.1611663094801954,0.16483513603746816,0.17636573378889678,0.1480633574899356,0.1480633574899356,0.23166019118779307,0.15802160100253307,0.12447804390746799,0.22406047903344242,0.17033837587337725,0.1627386637190266,0.5277869061676643,0.5571375186258463
24,Ahafo Ano South West,AHAFO ANO SOUTH WEST,Ashanti,0.298485246338118,0.21017134992376704,0.23166019118779307,0.24948020589454636,0.31447084776623496,0.31447084776623496,0.40592945265824826,0.2948164197808453,0.187372213460715,0.40776386593688463,0.3244290912788324,0.2872167076264946,1.0348711481907182,1.0194096648422117
25,Ahanta West,AHANTA WEST MUNICIPAL,Western,0.39020591026993656,0.3797235486777287,0.3244290912788324,0.3005817186565596,0.3050367223332479,0.3050367223332479,0.3634758882098066,0.2806652316313647,0.23139813214798788,0.41483946001162497,0.7864391784553926,0.4654168546940277,0.9735493328763024,1.6666954931610451
26,Ajumako-Enyan-Essiam,AJUMAKO-ENYAN-ESSIAM,Central,0.5807228322083139,0.5453448618346125,0.5497998655113008,0.5089186553016902,0.4947674671522096,0.4947674671522096,0.7476544405642236,0.5503239835909112,0.5233319024909759,0.7156832377079897,0.7065111713148079,0.5786263598898723,1.7371893748686427,2.00082076891267
27,Akatsi North,AKATSI NORTH,Volta,0.07206623594642884,0.045598272926104064,0.051887689881428764,0.05136357180181837,0.05136357180181837,0.05136357180181837,0.09512743144928608,0.07652123962311717,0.08910007353376657,0.17636573378889678,0.10980273767837703,0.09538949048909127,0.1978545750529228,0.3815579619563651
28,Akatsi South,AKATSI SOUTH,Volta,0.12290568966863682,0.11006479671818223,0.3100158440895466,0.25341109149162433,0.235591076784871,0.235591076784871,0.4289906481611055,0.2738516965964296,0.21515047168006574,0.3084434898507154,0.4994845298687032,0.3042505452138323,0.9001728017308475,1.112178564933251
29,Akwapim North,AKWAPEM NORTH,Eastern,0.3425111650253909,0.2806652316313647,0.2450252022178581,0.20309575584902673,0.28538229434785817,0.28538229434785817,0.4268941758426639,0.26520374828285814,0.21908135727714367,0.3136846706468194,0.4523139027037679,0.36033117973214424,0.9976587645383803,1.1263297530827314
30,Akwapim South,AKWAPEM SOUTH,Eastern,0.09434125432987049,0.12211951254922124,0.13522246453948103,0.12290568966863682,0.14177394053461093,0.14177394053461093,0.2009992835305852,0.17662779282870197,0.12447804390746799,0.2751619917954556,0.39964003570292356,0.20807487760532545,0.48454716459980707,0.8828769051037046
31,Akyemansa,AKYEM MANSA,Eastern,0.3535176446972091,0.34775234582149483,0.3540417627768195,0.23401872254603986,0.24764579261591002,0.24764579261591002,0.42243917216597565,0.3042505452138323,0.18213103266461106,0.3823441390757807,0.5623786994219502,0.45650684734065106,0.9177307573977957,1.401229685838382
32,Amansie Central,AMANSIE CENTRAL,Ashanti,0.3742203088418196,0.31918791048272843,0.31499496584584535,0.30267819097500115,0.31053996216915697,0.31053996216915697,0.5178286626550669,0.3875853198718846,0.27070698811876726,0.5272627880880539,0.4240115264048068,0.38496472947383265,1.1389085869933808,1.3362390439666934
33,Amansie South,AMANSIE SOUTH,Ashanti,0.14753923941032523,0.13312599222103946,0.09774802184733802,0.10115478936480558,0.1567113058035071,0.1567113058035071,0.1690280806743513,0.1556630696442863,0.11714039079292253,0.2243225380732476,0.33098056727396225,0.1480633574899356,0.4824506922813655,0.7033664628371454
34,Amansie West,AMANSIE WEST,Ashanti,0.07573506250370159,0.07206623594642884,0.07730741674253276,0.07887977098136394,0.0799280071405847,0.0799280071405847,0.13469834645987064,0.10823038343954586,0.061321815314415815,0.12631245718610437,0.15880777812194863,0.0809762432998055,0.29455436074104,0.3660964786078585
35,Anloga,ANLOGA,Volta,0.1690280806743513,0.10482361592207833,0.13600864165889662,0.07049388170759767,0.12447804390746799,0.12447804390746799,0.1603801323607798,0.13522246453948103,0.09460331336967569,0.17086249395298764,0.27778258219350754,0.10298920264344194,0.4093362201757158,0.5516342787899371
36,Aowin,AOWIN,Western North,0.2759481689148712,0.29036141610415694,0.261010803645975,0.25210079629259835,0.28380994010902705,0.28380994010902705,0.40461915745922233,0.3060849584924687,0.3852267885136378,0.6320864040101323,0.5649992898200021,0.48297481036097584,0.9722390376772765,1.6800605041911103
37,Asante Akim Central,ASANTE AKIM CENTRAL MUNICIPAL,Ashanti,0.27673434603428676,0.27856875931292313,0.23847372622272817,0.25288697341201394,0.2809272906711699,0.2809272906711699,0.29009935706435175,0.22720518751110474,0.1926133942568189,0.3401526336671441,0.28407199914883224,0.2599625674867542,0.8519539384066915,0.8841872003027307
38,Asante Akim North,ASANTE AKIM NORTH,Ashanti,0.3529935266175987,0.335959689030261,0.3173534972040921,0.28302376298961146,0.3891576741107158,0.3891576741107158,0.48218863324156025,0.41405328289220933,0.3430352831050013,0.5036774745055863,0.35037293621954674,0.3380561613487026,1.2605039814629917,1.1921065720738355
39,Asante Akim South,ASANTE AKIM SOUTH,Ashanti,0.4779956886046771,0.41117063345435223,0.4127429876931834,0.37500648596123515,0.4413074230319497,0.4413074230319497,0.7072973484342235,0.5550410463074047,0.46934774029110565,0.8178862632320161,0.8537883516853279,0.614266389303379,1.589912194498123,2.285941004220723
40,Asante Mampong,MAMPONG MUNICIPAL,Ashanti,0.49686393947065116,0.43292153375818343,0.44759683998727445,0.4206047588873392,0.4596515558183134,0.4596515558183134,0.4800921609231187,0.36793089188649486,0.31918791048272843,0.6430928836819505,0.4903124634755213,0.3412008698263649,1.3993952725597456,1.4746062169838368
41,Asene Manso Akroso,ASENE MANSO AKROSO,Eastern,0.1556630696442863,0.13731893685792257,0.1567113058035071,0.13496040549967583,0.19497192561506566,0.19497192561506566,0.21908135727714367,0.1315536379822083,0.1234298077482472,0.21619870783928652,0.2935061245818193,0.18946868577915657,0.6090252085072749,0.6991735182002623
42,Ashaiman,ASHAIMAN MUNICIPAL,Greater Accra,0.6721814371003272,0.48035421996292393,0.2942923017012349,0.4237494673650016,0.1488495346093512,0.1488495346093512,0.161952486599611,0.410908574414547,0.32731174071668956,0.4667271498930537,0.9085586910046138,0.40068827186214434,0.4596515558183134,1.7759741127598119
43,Asikuma-Odoben-Brakwa,ASIKUMA-ODOBEN-BRAKWA,Central,0.41955652272811844,0.3260014455176636,0.2932440655420141,0.40514327553883267,0.31027790312935183,0.31027790312935183,0.42584593968344314,0.3412008698263649,0.24581137933727365,0.4171979913698717,0.7502750309622755,0.49188481771435255,1.0464017459421469,1.6593578400464999
44,Asokore Mampong,ASOKORE MAMPONG MUNICIPAL,Ashanti,0.06577681899110414,0.0864794831357146,0.074948885384286,0.053722103160065135,0.09617566760850685,0.09617566760850685,0.058177106836753464,0.053722103160065135,0.04481209580668848,0.1181886269521433,0.07337653114545482,0.0369503246125326,0.2505284420537672,0.22851548271013072
45,Asokwa,ASOKWA  MUNICIPAL,Ashanti,0.1310295199025979,0.6043081457907815,0.9109172223628605,0.35037293621954674,0.4848092236396122,0.4848092236396122,0.3909920873893521,0.08359683369785746,1.0464017459421469,0.8889042630192242,0.914323989880328,0.16745572643552012,1.3606105346685764,1.9706839793350723
46,Assin Foso,ASSIN CENTRAL MUNICIPAL,Central,0.31420878872642977,0.09748596280753283,0.18422750498305263,0.11949892215116928,0.1609042504403902,0.1609042504403902,0.2243225380732476,0.236901371983897,0.25079050109357237,0.18579985922188383,0.23428078158584506,0.20126134257039038,0.5461310389540279,0.6213419833781193
47,Assin North,ASSIN NORTH,Central,0.1556630696442863,0.10744420632013027,0.10063067128519519,0.07101799978720806,0.10377537976285753,0.10377537976285753,0.18448956402285782,0.15120806596759798,0.15068394788798758,0.27096904715857245,0.26598992540227373,0.26520374828285814,0.3920403235485729,0.8021627208437043
48,Assin South,ASSIN SOUTH,Central,0.34434557830402723,0.3244290912788324,0.2990093644177284,0.26415551212363736,0.2607487446061698,0.2607487446061698,0.39911591762331317,0.313160552567209,0.23428078158584506,0.47589921628623555,0.5602822271035086,0.5065601239434435,0.9206134068356528,1.5427415673331875
49,Asunafo North,ASUNAFO NORTH MUNICIPAL,Ahafo,0.6286796364926647,0.5432483895161709,0.600901378273314,0.6098113856266907,0.6923599831653273,0.6923599831653273,0.7274758944992235,0.5479654522326644,0.4562447883008459,0.6860705662100026,0.7662606323903924,0.6137422712237685,2.1121958608298783,2.0660734698241634
50,Asunafo South,ASUNAFO SOUTH,Ahafo,0.47563715724643035,0.40016415378253395,0.45598272926104066,0.5927775480393529,0.4913606996347421,0.4913606996347421,0.7180417690662365,0.623700514736366,0.5657854669394178,0.7266897173798079,0.7657365143107822,0.6278934593732491,1.7007631683357207,2.1203196910638393
51,Asuogyaman,ASUOGYAMAN,Eastern,0.5204492530531188,0.5757437104520151,0.49791217562987194,0.4740648030075992,0.538007208720067,0.538007208720067,1.1407430002720174,0.7198761823448728,0.6803052673342882,1.1074615022167575,1.6095666224835126,0.7715018131864964,2.2167574177121514,3.4885299378867662
52,Asutifi North,ASUTIFI NORTH,Ahafo,0.4355421241562354,0.36321382917000133,0.3687170690059105,0.30215407289539076,0.30320230905461154,0.30320230905461154,0.6514787729557168,0.4022606261009755,0.3108020212089622,0.5469172160734436,0.4984362937094824,0.2798790545119491,1.2578833910649398,1.3252325642948752
53,Asutifi South,ASUTIFI SOUTH,Ahafo,0.236901371983897,0.2429287298994165,0.1488495346093512,0.2431907889392217,0.22668106943149435,0.22668106943149435,0.3108020212089622,0.2562937409294815,0.19392368945584487,0.4279424120018847,0.3108020212089622,0.23454284062565026,0.7641641600719509,0.9732872738364972
54,Atebubu-Amanten,ATEBUBU AMANTIN,Bono East,0.3388423384681182,0.31656732008467653,0.2243225380732476,0.23349460446642947,0.2468596154964944,0.2468596154964944,0.20597840528688388,0.3459179325428584,0.2927199474624037,0.5463930979938333,0.30922966697013105,0.31866379240311804,0.6996976362798727,1.1742865573670822
55,Atiwa East,ATIWA EAST,Eastern,1.7557955666948117,0.21960547535675407,0.1926133942568189,0.1868480953811046,0.19392368945584487,0.19392368945584487,0.23847372622272817,0.17767602898792276,0.17820014706753315,0.22143988863539046,0.21960547535675407,0.15487689252487072,0.626321105134418,0.5959222565170152
56,Atiwa West,ATIWA WEST,Eastern,0.33491145287104024,0.335959689030261,0.45467243406201474,0.2861684714672738,0.3430352831050013,0.3430352831050013,0.4672512679726641,0.3957091501058457,0.285120235308053,0.44759683998727445,0.46594097277363816,0.37474442692143,1.1533218341826668,1.2882822396823426
57,Atwima Kwanwoma,ATWIMA KWANWOMA,Ashanti,0.29691289209928684,0.19680633889370203,0.17636573378889678,0.29534053786045567,0.2793549364323387,0.2793549364323387,0.39964003570292356,0.19654427985389683,0.17322102531123443,0.41903240464850805,0.4413074230319497,0.21881929823733848,0.958349908567601,1.0791591259177962
58,Atwima Mponua,ATWIMA MPONUA,Ashanti,0.335959689030261,0.3852267885136378,0.3202361466419492,0.33517351191084543,0.18946868577915657,0.18946868577915657,0.4276803529620795,0.48847805019688495,0.4064535707378587,0.4415694820717549,0.47825774764448237,0.4305630023999367,0.8066177245203927,1.350390232116174
59,Atwima Nwabiagya,ATWIMA NWABIAGYA SOUTH,Ashanti,0.6881670385284442,0.5799366550888982,0.5036774745055863,0.5162563084162357,1.7018114044949415,1.7018114044949415,0.7743844626243536,0.47092009452993683,0.39413679586701444,0.9287372370696139,0.7775291711020159,0.338580279428313,4.178007271614237,2.0448466875999425
60,Atwima Nwabiagya North,ATWIMA NWABIAGYA NORTH,Ashanti,0.2434528479790269,0.2303498959887671,0.22668106943149435,0.21331605840142936,0.23480489966545545,0.23480489966545545,0.3317667443933779,0.21881929823733848,0.1871101544209098,0.2510525601333776,0.20571634624707869,0.18291720978402665,0.8013765437242888,0.6396861161644829
61,Awutu Senya,AWUTU SENYA WEST,Central,0.2735896375566244,0.15173218404720837,0.2002131064111696,0.17610367474909158,0.17400720243065002,0.17400720243065002,0.25157667821298796,0.17715191090831237,0.07704535770272757,0.3050367223332479,0.36006912069233904,0.2004751654509748,0.599591083074288,0.8655810084765617
62,Awutu Senya East,AWUTU SENYA EAST,Central,0.12002304023077967,0.12028509927058487,0.14203599957441612,0.1315536379822083,0.1250021619870784,0.1250021619870784,0.4339697699174042,0.3100158440895466,0.25943844940714383,0.4777336295648719,0.5838675406859762,0.2565557999692867,0.683974093891561,1.3181569702201348
63,Ayawaso Central,AYAWASO CENTRAL MUNICIPAL,Greater Accra,0.01624766046792214,0.00812383023396107,0.004979121756298719,0.002358531358246762,0.01362707006987018,0.01362707006987018,0.007599712154350678,0.01939236894558449,0.027516199179545557,0.05765298875714307,0.046646509085324854,0.02725414013974036,0.03485385229409104,0.1315536379822083
64,Ayawaso East,AYAWASO EAST MUNICIPAL,Greater Accra,0.060011520115389835,0.05660475259792229,0.05319798508045475,0.03564002941350663,0.04114326924941574,0.04114326924941574,0.04533621388629887,0.03668826557272741,0.037474442692143,0.06446652379207816,0.051101512762013176,0.014151188149480572,0.12762275238513035,0.12971922470357192
65,Ayawaso North,AYAWASO NORTH MUNICIPAL,Greater Accra,0.04821886332415602,0.02070266414461047,0.03930885597077937,0.03616414749311702,0.024371490701883207,0.024371490701883207,0.06656299611051973,0.04507415484649368,0.05450828027948072,0.09565154952889647,0.1312915789424031,0.074948885384286,0.11530597751428615,0.30189201385558556
67,Ayensuano,AYENSUANO,Eastern,0.13941540917636416,0.13496040549967583,0.1310295199025979,0.12080921735019526,0.12788481142493555,0.12788481142493555,0.19916487025194882,0.18894456769954618,0.14072570437539014,0.2358531358246762,0.32914615399532593,0.22851548271013072,0.4549344931018199,0.7935147725301328
68,Banda,BANDA,Bono,0.2987473053779232,0.22353636095383203,0.23244636830720866,0.17374514339084482,0.24764579261591002,0.24764579261591002,0.3482764639011052,0.26363139404402697,0.2293016598295463,0.32809791783610515,0.2675622796411049,0.2670381615614945,0.8435680491329253,0.8626983590387045
69,Bawku Municipal,BAWKU MUNICIPAL,Upper East,0.5733851790937684,0.42243917216597565,0.3723858955631832,0.2054542872072735,0.35273146757779356,0.35273146757779356,0.4292527072009107,0.2735896375566244,0.5280489652074696,0.6409964113635089,0.4596515558183134,0.2568178590090919,1.1347156423564977,1.3574658261909143
70,Bawku West,BAWKU WEST,Upper East,0.36662059668746894,0.5424622123967553,0.5739092971733788,0.43292153375818343,0.39020591026993656,0.39020591026993656,0.4004262128223392,0.3847026704340274,0.8430439310533149,0.9573016724083802,0.3681929509263001,0.2929820065022089,1.1808380333622124,1.6184766298368891
71,Bekwai,BEKWAI MUNICIPAL,Ashanti,0.45938949677850827,0.3341252757516246,0.38024766675733906,0.2916717113031829,0.397543563384482,0.397543563384482,0.5757437104520151,0.3637379472496117,0.32835997687591034,0.6488581825576648,0.5081324781822746,0.3886335560311054,1.370830837220979,1.5456242167710448
72,Berekum,BEREKUM EAST MUNICIPAL,Bono,0.3514211723787675,0.34565587350305327,0.2801411135517543,0.30294025001480634,0.3511591133389624,0.3511591133389624,0.5233319024909759,0.4080259249766899,0.32809791783610515,0.5697163525364956,0.612956094104353,0.4654168546940277,1.2256501291689008,1.6480893013348763
73,Berekum West,BEREKUM WEST,Bono,0.09696184472792244,0.13417422838026025,0.1234298077482472,0.11976098119097447,0.12867098854435113,0.12867098854435113,0.25314903245181913,0.13312599222103946,0.13967746821616936,0.24161843470039052,0.21960547535675407,0.19706839793350722,0.5104910095405214,0.6582923079906517
74,Bia East,BIA EAST,Western North,0.08281065657844187,0.05529445739889632,0.05529445739889632,0.050315335642597596,0.09669978568811724,0.09669978568811724,0.11687833175311733,0.08674154217551981,0.011006479671818224,0.14596688517149406,0.15513895156467591,0.13941540917636416,0.31027790312935183,0.44052124591253417
75,Bia West,BIA WEST,Western North,0.4261079987232484,0.3529935266175987,0.4609618510173394,1.1921065720738357,0.31499496584584535,0.31499496584584535,0.445762426708638,0.28354788106922185,0.47616127532604074,0.24397696605863728,0.5555651643870151,0.4601756738979238,1.0757523584003288,1.2597178043435762
76,Biakoye,BIAKOYE,Oti,0.22327430191402683,0.25943844940714383,0.20073722449078,0.15828366004233826,0.18370338690344223,0.18370338690344223,0.3700273642049364,0.3388423384681182,0.27411375563623475,0.34670410966227405,0.35037293621954674,0.30870554889052065,0.7374341380118209,1.0057825947723413
77,Bibiani-Anhwiaso-Bekwai,BIBIANI-ANHWIASO-BEKWAI MUNICIPAL,Western North,0.7678329866292237,0.8621742409590942,0.6863326252498078,0.7269517764196132,0.8000662485252628,0.8000662485252628,1.1210885722866275,0.9109172223628605,0.6944564554837689,1.096455022544939,1.0042102405335105,0.7924665363709121,2.721221069337153,2.8931317994493617
78,Binduri,BINDURI,Upper East,0.2180331211179229,0.2169848849587021,0.20388193296844231,0.22170194767519566,0.23192225022759827,0.23192225022759827,0.22668106943149435,0.39623326818545607,0.3668826557272741,0.26415551212363736,0.2122678222422086,0.1236918667880524,0.6905255698866909,0.6001152011538984
79,Birim Central,BIRIM CENTRAL MUNICIPAL,Eastern,0.6939323374041585,0.6003772601937035,0.5990669649946776,0.4289906481611055,0.532766027923963,0.532766027923963,0.6488581825576648,0.5571375186258463,0.388109437951495,0.7017941085983143,0.7125385292303273,0.574171356213184,1.7143902384055907,1.9885039940418257
80,Birim North,BIRIM NORTH,Eastern,0.650430536796496,0.564737230780197,0.4848092236396122,0.42243917216597565,0.3246911503186376,0.3246911503186376,0.40566739361844306,0.41903240464850805,0.3060849584924687,0.46358244141539134,0.4719683306891576,0.3999020947427288,1.0550496942557182,1.3354528668472778
81,Birim South,BIRIM SOUTH,Eastern,0.21357811744123456,0.18632397730149422,0.18239309170441625,0.16326278179863699,0.20676458240629947,0.20676458240629947,0.24843196973532558,0.20676458240629947,0.18658603634129942,0.21488841264026054,0.28538229434785817,0.2942923017012349,0.6619611345479245,0.7945630086893536
82,Bodi,BODI,Western North,0.13312599222103946,0.11766450887253291,0.10901656055896145,0.10560979304149391,0.10325126168324714,0.10325126168324714,0.17060043491318244,0.10377537976285753,0.13548452357928623,0.21541253071987093,0.17741396994811756,0.14203599957441612,0.3771029582796767,0.5348625002424047
83,Bole,BOLE,Savannah,0.40619151169805345,0.4672512679726641,0.43423182895720946,0.37186177748357285,0.37081354132435207,0.37081354132435207,0.6622231935877299,0.6098113856266907,0.5927775480393529,0.6061425590694178,0.7183038281060417,0.45126566654454714,1.403850276236434,1.7757120537200066
84,Bolgatanga East,BOLGA  EAST,Upper East,0.07128005882701326,0.06420446475227297,0.09669978568811724,0.07101799978720806,0.05267386700084436,0.05267386700084436,0.0812383023396107,0.10560979304149391,0.09224478201142891,0.12133333542980565,0.07809359386194835,0.09067242777259774,0.18658603634129942,0.29009935706435175
85,Bolgatanga Municipal,BOLGATANGA MUNICIPAL,Upper East,0.7057249941953923,1.0110237755684455,0.7557782707981847,0.6069287361888335,0.729572366817665,0.729572366817665,0.9538949048909127,1.1368121146749393,0.8944075028551333,1.3019093097522128,1.223291597810654,0.9137998718007178,2.413039638526243,3.4390007793635844
86,Bongo,BONGO,Upper East,0.3870612017922742,0.38496472947383265,0.31394672968662457,0.2945543607410401,0.37474442692143,0.37474442692143,0.4161497552106509,0.42243917216597565,0.6231763966567556,0.7104420569118859,0.3768408992398716,0.33936645654772857,1.165638609053511,1.426649412699486
87,Bosome Freho,BOSOME FREHO,Ashanti,0.17977250130636432,0.14649100325110445,0.1438704128530525,0.1255262800666888,0.15199424308701356,0.15199424308701356,0.19130309905779294,0.1556630696442863,0.12840892950454594,0.2675622796411049,0.33281498055259867,0.1679798445151305,0.49529158523182004,0.7683571047088341
88,Bosomtwe,BOSOMTWE,Ashanti,0.35954500261272865,0.2424046118198061,0.29062347514396214,0.3068711356118842,0.37788913539909236,0.37788913539909236,0.42348740832519643,0.3047746632934427,0.19470986657526046,0.461748028136755,0.4169359323300665,0.16981425779376685,1.179265679123381,1.0484982182605884
89,Builsa North,BUILSA NORTH,Upper East,0.2565557999692867,0.3094917260099362,0.13889129109675377,0.1496357117287668,0.20283369680922153,0.20283369680922153,0.18894456769954618,0.15278042020642915,0.1302433427831823,0.16535925411707855,0.2536731505314295,0.09145860489201332,0.5946119613179892,0.5104910095405214
90,Builsa South,BUILSA SOUTH,Upper East,0.07704535770272757,0.10351332072305233,0.09879625800655882,0.08595536505610421,0.07259035402603924,0.07259035402603924,0.07180417690662365,0.1239539258278576,0.25839021324792305,0.17951044226655913,0.09460331336967569,0.07154211786681845,0.2169848849587021,0.34565587350305327
91,Bunkpurugu -Nakpanduri,BUNKPURUGU NAKPANDURI,North East,0.47589921628623555,0.34093881078655974,0.40252268514078077,0.4166738732902613,0.3362217480700662,0.3362217480700662,0.32993233111474146,0.6692987876624701,0.7177797100264313,0.4887401092366901,0.3519452904583779,0.22039165247616965,1.002375827254874,1.0610770521712376
92,Cape Coast,CAPE COAST METROPOLITAN,Central,0.6601267212692883,0.6126940350645478,0.564737230780197,0.6480720054382492,0.7759568168631847,0.7759568168631847,1.096455022544939,0.6989114591604572,0.7998041894854576,1.1100820926148094,1.5335695009400059,0.6313002268907166,2.6483686562713085,3.2749518204455317
93,Central Gonja,CENTRAL GONJA,Savannah,0.323904973199222,0.20755075952571506,0.20361987392863712,0.19864075217233843,0.18946868577915657,0.18946868577915657,0.29638877401967645,0.3763167811602612,0.31866379240311804,0.4360662422358458,0.3805097257971443,0.24371490701883208,0.6753261455779895,1.060290875051822
94,Central Tongu,CENTRAL TONGU,Volta,0.3084434898507154,0.26598992540227373,0.29534053786045567,0.2431907889392217,0.2172469439985073,0.2172469439985073,0.4730165668483784,0.37264795460298844,0.26546580732266334,0.4869056959580538,0.6176731568208464,0.3786753125185079,0.9075104548453929,1.483254165297408
95,Chereponi,CHEREPONI,North East,0.008910007353376657,0.04507415484649368,0.058177106836753464,0.046122391005714455,0.022275018383441644,0.022275018383441644,0.07311447210564963,0.09486537240948088,0.0500532766027924,0.045598272926104064,0.06368034667266258,0.031447084776623495,0.11766450887253291,0.14072570437539014
96,Daffiama-Bussie-Issa,DAFFIAMA BUSSIE ISSA,Upper West,0.1436083538132473,0.1601180733209746,0.1750554385898708,0.10272714360363674,0.11425774135506536,0.11425774135506536,0.17164867107240322,0.23768754910331258,0.25210079629259835,0.273065519477014,0.21881929823733848,0.1480633574899356,0.40016415378253395,0.6399481752042881
97,Denkyembour,DENKYEMBOUR,Eastern,0.49555364427162524,0.5015810021871447,0.4853333417192226,0.4261079987232484,0.4924089357939629,0.4924089357939629,0.6871188023692234,0.35875882549331306,0.24371490701883208,0.35613823509526105,0.7004838133992883,0.4137912238524042,1.6719366739571493,1.4704132723469536
98,Dormaa East,DORMAA EAST,Bono,0.4004262128223392,0.4866436369182486,0.47589921628623555,0.30267819097500115,0.3100158440895466,0.3100158440895466,0.5684060573374696,0.4022606261009755,0.3094917260099362,0.37212383652337805,0.5862260720442231,0.40566739361844306,1.1884377455165627,1.3640173021860442
99,Dormaa Municipal,DORMAA MUNICIPAL,Bono,0.3045126042536375,0.297174951139092,0.2544593276508451,0.18082073746558508,0.19733045697331245,0.19733045697331245,0.4274182939222743,0.3383182203885078,0.23532901774506582,0.4609618510173394,0.3288840949555207,0.3089676079303258,0.8220792078688992,1.0988135539031858
100,Dormaa West,DORMAA WEST,Bono,0.19104104001798775,0.1926133942568189,0.22694312847129955,0.16955219875396169,0.25865227228772825,0.25865227228772825,0.18344132786363704,0.24030813950136454,0.1915651580975981,0.3307185082341571,0.35273146757779356,0.24764579261591002,0.7007458724390936,0.9310957684278607
101,East Akim - Abuakwa South,ABUAKWA SOUTH MUNICIPAL,Eastern,0.31473290680604016,0.30975378504974144,0.30136789577597517,0.29036141610415694,0.24843196973532558,0.24843196973532558,0.4523139027037679,0.22091577055578004,0.18658603634129942,0.4137912238524042,0.5511101607103267,0.3052987813730531,0.949177842174419,1.270200165935784
102,East Gonja,EAST GONJA MUNICIPAL,Savannah,0.09198272297162371,0.0872656602551302,0.08228653849883148,0.06682505515032493,0.05555651643870151,0.05555651643870151,0.14622894421129926,0.14727718037052004,0.14046364533558495,0.11504391847448095,0.10980273767837703,0.08883801449396138,0.25734197708870227,0.3136846706468194
103,East Mamprusi,EAST MAMPRUSI,North East,0.39230238258837813,0.41850828656889766,0.4287285891213003,0.44969331230571596,0.4206047588873392,0.4206047588873392,0.6289416955324699,0.6884290975682493,0.7887977098136393,1.4153808739878624,1.0445673326635103,0.5602822271035086,1.4701512133071484,3.0202304337548815
104,Effia-Kwesimintsim,EFFIA KWESIMINTSIM MUNICIPAL,Western,0.3579726483738975,0.4685615631716901,0.5411519171977294,0.5657854669394178,0.4735406849279888,0.4735406849279888,0.5691922344568853,0.41955652272811844,0.3964953272252612,0.6522649500751323,0.626321105134418,0.5270007290482488,1.5162736043128628,1.805586784257799
105,Efutu,EFFUTU MUNICIPAL,Central,0.4837609874803914,0.5482275112724695,0.48114039708233947,0.35508999893604026,0.32914615399532593,0.32914615399532593,0.5225457253715604,0.4646306775746121,0.37946148963792353,0.5705025296559112,0.7521094442409119,0.4473347809474692,1.1808380333622122,1.7699467548442922
106,Ejisu,EJISU MUNICIPAL,Ashanti,0.4093362201757158,0.3511591133389624,0.33517351191084543,0.33464939383123504,0.40252268514078077,0.40252268514078077,0.5500619245511059,0.39256444162818327,0.3375320432690922,0.6960288097226001,0.5977566697956517,0.36740677380688447,1.3551072948326675,1.6611922533251362
107,Ejura-Sekyedumase,EJURA-SEKYEDUMASE,Ashanti,0.21986753439655926,0.16431101795785777,0.13836717301714338,0.21017134992376704,0.17112455299279283,0.17112455299279283,0.212791940321819,0.19470986657526046,0.1480633574899356,0.2819755268303907,0.1561871877238967,0.1425601176540265,0.5550410463074047,0.5807228322083139
108,Ekumfi,EKUMFI,Central,0.13967746821616936,0.1375809958977278,0.12762275238513035,0.12657451622590957,0.14753923941032523,0.14753923941032523,0.2130539993616242,0.16614543123649414,0.13365011030064985,0.22641901039168916,0.35849676645350786,0.2869546485866894,0.5081324781822747,0.8718704254318864
109,Ellembelle,ELLEMBELLE,Western,0.8710842483124708,0.6234384556965609,0.7350756066535742,0.6902635108468858,0.6045702048305867,0.6045702048305867,1.1614456644166278,0.7969215400476004,0.681353503493509,0.9696184472792244,1.224863952049485,0.8270583296251979,2.370586074077801,3.0215407289539074
110,Fanteakwa North,FANTEAKWA NORTH,Eastern,0.2418804937401957,0.1915651580975981,0.2130539993616242,0.160642191400585,0.18082073746558508,0.18082073746558508,0.1679798445151305,0.2801411135517543,0.18579985922188383,0.3254773274380532,0.32783585879629995,0.25288697341201394,0.5296213194463006,0.906200159646367
111,Fanteakwa South,FANTEAKWA SOUTH,Eastern,0.18291720978402665,0.1622145456394162,0.19549604369467605,0.19130309905779294,0.18606191826168902,0.18606191826168902,0.18422750498305263,0.20073722449078,0.10272714360363674,0.18553780018207863,0.19025486289857216,0.17322102531123443,0.5563513415064307,0.5490136883918852
112,Ga Central,GA CENTRAL MUNICIPAL,Greater Accra,0.04848092236396122,0.03537797037370143,0.06237005147363659,0.04166738732902613,0.04900504044357161,0.04900504044357161,0.12238157158902643,0.10089273032500039,0.09643772664831204,0.17374514339084482,0.18186897362480586,0.1001065532055848,0.22039165247616965,0.4557206702212355
113,Ga East,GA EAST,Greater Accra,0.07835565290175354,0.06761123226974051,0.08464506985707825,0.1001065532055848,0.13941540917636416,0.13941540917636416,0.21646076687909171,0.1234298077482472,0.11583009559389654,0.2549834457304555,0.3084434898507154,0.12971922470357192,0.49529158523182004,0.6931461602847429
114,Ga North,GA NORTH MUNICIPAL,Greater Accra,0.13338805126084466,0.1745313205102604,0.11347156423564977,0.0864794831357146,0.09119654585220813,0.09119654585220813,0.25236285533240355,0.18973074481896177,0.1627386637190266,0.35902088453311826,0.4331835927979887,0.2615349217255854,0.4347559470368198,1.0537393990566923
115,Ga South,GA SOUTH MUNICIPAL,Greater Accra,0.11294744615603938,0.136532759738507,0.13286393318123427,0.10692008824051988,0.1179265679123381,0.1179265679123381,0.13496040549967583,0.1496357117287668,0.13941540917636416,0.17951044226655913,0.2798790545119491,0.17846220610733834,0.37081354132435207,0.6378517028858466
116,Ga West,GA WEST MUNICIPAL,Greater Accra,0.12867098854435113,0.13338805126084466,0.11242332807642899,0.17086249395298764,0.15409071540545513,0.15409071540545513,0.18579985922188383,0.20257163776941634,0.13836717301714338,0.21646076687909171,0.28328582202941666,0.20859899568493584,0.4939812900327941,0.7083455845934442
117,Garu,GARU,Upper East,0.17217278915201362,0.3364838071098714,0.4397350687931185,0.26572786636246853,0.21619870783928652,0.21619870783928652,0.27175522427798804,0.2798790545119491,0.3823441390757807,0.5377451496802618,0.3375320432690922,0.17688985186850717,0.7041526399565611,1.052167044817861
118,Gomoa Central,GOMOA CENTRAL,Central,0.10823038343954586,0.09145860489201332,0.12107127639000045,0.09460331336967569,0.11556803655409134,0.11556803655409134,0.14753923941032523,0.10875450151915625,0.07573506250370159,0.12107127639000045,0.24633549741688404,0.15828366004233826,0.37867531251850794,0.5256904338492228
119,Gomoa East,GOMOA EAST,Central,0.20283369680922153,0.1567113058035071,0.18213103266461106,0.14072570437539014,0.15461483348506552,0.15461483348506552,0.299795541537144,0.1996889883315592,0.15225630212681876,0.31813967432350765,0.500532766027924,0.3123743754477934,0.609025208507275,1.131046815799225
120,Gomoa West,GOMOA WEST,Central,0.24423902509844247,0.1999510473713644,0.175317497629676,0.19680633889370203,0.262321098845001,0.262321098845001,0.3307185082341571,0.19104104001798775,0.1690280806743513,0.30398848617402713,0.5833434226063658,0.3417249879059753,0.855360705924159,1.2290568966863682
121,Gushiegu,GUSHEGU,Northern,0.20990929088396185,0.12238157158902643,0.1252642210268836,0.4069776888174691,0.11687833175311733,0.11687833175311733,0.2628452169246114,0.18527574114227344,0.31656732008467653,0.21960547535675407,0.32259467800019603,0.1920892761772085,0.4966018804308461,0.7342894295341585
122,Ho,HO MUNICIPAL,Volta,0.6669402563042233,0.583605481646171,0.5477033931928592,0.47616127532604074,0.48349892844058623,0.48349892844058623,1.047712041141173,0.7266897173798079,0.46987185837071604,1.1006479671818223,1.2052095240640954,0.8215550897892888,2.0147098980223452,3.1274125810352067
123,Ho West,HO WEST,Volta,0.23506695870526065,0.19051692193837735,0.19706839793350722,0.1601180733209746,0.16666954931610453,0.16666954931610453,0.2662519844420789,0.2793549364323387,0.1850136821024682,0.3676688328466897,0.4098603382553262,0.2866925895468842,0.599591083074288,1.0642217606489002
124,Hohoe,HOHOE MUNICIPAL,Volta,0.4098603382553262,0.33517351191084543,0.2874787666662998,0.2486940287751308,0.26336933500422177,0.26336933500422177,0.4080259249766899,0.2809272906711699,0.21881929823733848,0.4426177182309757,0.31420878872642977,0.2961267149798712,0.9347645949851334,1.0529532219372766
125,Jaman North,JAMAN NORTH,Bono,0.7332411933749379,0.832561569461107,0.7054629351555871,0.6221281604975348,0.8100244920378602,0.8100244920378602,0.9287372370696139,0.8763254291085747,0.8558848240037694,1.0920000188682508,2.141284414248255,0.9324060636268866,2.5487862211453343,4.165690496743392
126,Jaman South,JAMAN SOUTH MUNICIPAL,Bono,0.6179352158606516,0.7104420569118859,0.5610684042229241,0.5173045445754565,0.6818776215731195,0.6818776215731195,1.0081411261305881,0.6121699169849374,0.6567199537518207,0.8461886395309772,0.9051519234871462,0.673229673259548,2.3718963692768273,2.4245702362776713
127,Jasikan,JASIKAN,Oti,0.25079050109357237,0.137843054937533,0.0739006492250652,0.06918358650857169,0.07652123962311717,0.07652123962311717,0.016509719507727335,0.12185745350941604,0.08595536505610421,0.13365011030064985,0.14151188149480573,0.11189920999681861,0.16955219875396169,0.3870612017922742
128,Jirapa,JIRAPA,Upper West,0.3797235486777287,0.30241613193519595,0.38024766675733906,0.23297048638681908,0.21567458975967613,0.21567458975967613,0.22196400671500086,0.313160552567209,0.49974658890850837,0.47563715724643035,0.3959712091456508,0.2683484567605205,0.6533131862343531,1.1399568231526016
129,Jomoro,JOMORO,Western,0.6027357915519503,0.5123254228191577,0.5162563084162357,0.4331835927979887,0.5230698434511708,0.5230698434511708,0.4800921609231187,0.5883225443626646,0.5141598360977941,0.5322419098443527,0.6386378800052622,0.40619151169805345,1.5262318478254602,1.5770713015476683
130,Juaben,JUABEN MUNICIPAL,Ashanti,0.18003456034616952,0.11425774135506536,0.12945716566376672,0.12709863430551996,0.15933189620155902,0.15933189620155902,0.1758416157092864,0.10587185208129911,0.08281065657844187,0.16509719507727336,0.17688985186850717,0.12185745350941604,0.4945054081124044,0.46384450045519654
131,Juaboso,JUABOSO,Western North,0.18658603634129942,0.1878963315403254,0.20388193296844231,0.17846220610733834,0.13600864165889662,0.13600864165889662,0.21462635360045534,0.20178546065000078,0.1627386637190266,0.2130539993616242,0.23506695870526065,0.21908135727714367,0.4866436369182486,0.6672023153440285
132,Kadjebi,KADJEBI,Oti,0.22772930559071514,0.2552455047702607,0.20388193296844231,0.17741396994811756,0.22222606575480605,0.22222606575480605,0.3121123164079882,0.25079050109357237,0.19025486289857216,0.30765731273129987,0.2927199474624037,0.19680633889370203,0.7565644479176004,0.7971835990874057
133,Karaga,KARAGA,Northern,0.149897770768572,0.08307271561824707,0.0809762432998055,0.09958243512597441,0.0744247673046756,0.0744247673046756,0.19392368945584487,0.18317926882383184,0.15278042020642915,0.2177710620781177,0.23794960814311777,0.1236918667880524,0.34277322406519606,0.5794125370092879
134,Kasena-Nankana,KASENA NANKANA EAST,Upper East,0.425583880643638,0.4963398213910408,0.44943125326591077,0.32940821303513107,0.3535176446972091,0.3535176446972091,0.42584593968344314,0.39230238258837813,0.5104910095405214,0.7044146989963663,0.4586033196590926,0.3136846706468194,1.1328812290778614,1.4767026893022783
135,Kasena-Nankana West,KASENA NANKANA WEST,Upper East,0.39675738626506646,0.5403657400783137,0.5081324781822746,0.41955652272811844,0.3066090765720791,0.3066090765720791,0.4855954007590278,0.38837149699130014,0.7998041894854576,0.9740734509559128,0.7059870532351974,0.5343383821627943,1.098813553903186,2.2143988863539046
136,Keta,KETA MUNICIPAL,Volta,0.33150468535357264,0.22143988863539046,0.24423902509844247,0.22117782959558527,0.27227934235759843,0.27227934235759843,0.38601296563305343,0.22012959343636446,0.2044060510480527,0.4171979913698717,0.39832974050389763,0.3055608404128583,0.9305716503482503,1.1210885722866275
137,Ketu North,KETU NORTH,Volta,0.4394730097533133,0.35325558565740395,0.3815579619563651,0.287740825706105,0.22484665615285798,0.22484665615285798,0.4048812164990275,0.28590641242746856,0.1601180733209746,0.44969331230571596,0.48271275132117064,0.15409071540545513,0.8545745288047435,1.0864967790323417
138,Ketu South,KETU SOUTH,Volta,0.3008437776963648,0.2979611282585076,0.25314903245181913,0.2866925895468842,0.28276170394980626,0.28276170394980626,0.4192944636883133,0.31813967432350765,0.18868250865974098,0.5712887067753268,0.5173045445754565,0.2130539993616242,0.9848178715879259,1.3016472507124075
139,Kintampo North,KINTAMPO NORTH MUNICIPAL,Bono East,0.6734917322993532,0.5885846034024698,0.6313002268907166,0.44471419054941724,0.5922534299597424,0.5922534299597424,1.2311533690048098,0.8079280197194186,0.7057249941953923,1.1074615022167575,0.8760633700687696,0.6242246328159764,2.4156602289242946,2.6077495051015034
140,Kintampo South,KINTAMPO SOUTH,Bono East,0.32783585879629995,0.27699640507409196,0.3073952536914946,0.23506695870526065,0.3066090765720791,0.3066090765720791,0.4080259249766899,0.42427358544461197,0.3110640802487674,0.47642333436584594,0.45650684734065106,0.3448696963836376,1.021244078120848,1.2777998780901347
141,Komenda-Edna-Eguafo-Abirem,KOMENDA-EDINA-EGUAFO-ABIREM MUNICIPAL,Central,0.3823441390757807,0.2932440655420141,0.2479078516557152,0.24764579261591002,0.18946868577915657,0.18946868577915657,0.35718647125448183,0.2811893497109751,0.2120057632024034,0.3951850320262353,0.5348625002424046,0.34041469270694935,0.736123842812795,1.2704622249755892
142,Korle-Klottey,KORLE KLOTTEY MUNICIPAL,Greater Accra,0.10194096648422116,0.1001065532055848,0.18553780018207863,0.11556803655409134,0.1438704128530525,0.1438704128530525,0.22772930559071514,0.21515047168006574,0.17164867107240322,0.11635421367350693,0.1609042504403902,0.13365011030064985,0.5154701312968202,0.410908574414547
143,Kpandai,KPANDAI,Northern,0.24371490701883208,0.24948020589454636,0.19706839793350722,0.17610367474909158,0.16431101795785777,0.16431101795785777,0.287740825706105,0.30294025001480634,0.32102232376136486,0.25812815420811785,0.25210079629259835,0.27411375563623475,0.6163628616218205,0.784342706136951
144,Kpando,KPANDO MUNICIPAL,Volta,0.26546580732266334,0.19864075217233843,0.1616904275598058,0.13286393318123427,0.11687833175311733,0.11687833175311733,0.17767602898792276,0.15382865636564994,0.1483254165297408,0.20702664144610466,0.2293016598295463,0.14491864901227328,0.4114326924941574,0.5812469502879243
145,Kpone-Katamanso,KPONE KATAMANSO,Greater Accra,0.3752685450010404,0.2617969807653906,0.34696616870207925,0.24764579261591002,0.28459611722844264,0.28459611722844264,0.20571634624707869,0.1747933795500656,0.1878963315403254,0.3647861834088325,0.484547164599807,0.23244636830720866,0.774908580703964,1.0817797163158482
146,Krachi East,KRACHI EAST MUNICIPAL,Oti,0.18973074481896177,0.17924838322675393,0.15173218404720837,0.11111303287740303,0.14596688517149406,0.14596688517149406,0.23532901774506582,0.27725846411389715,0.235591076784871,0.3134226116070142,0.24607343837707885,0.1750554385898708,0.5272627880880539,0.7345514885739639
147,Krachi Nchumuru,KRACHI NCHUMURU,Oti,0.0877897783347406,0.06420446475227297,0.04638445004551966,0.04481209580668848,0.049267099483376806,0.049267099483376806,0.10823038343954586,0.15225630212681876,0.12080921735019526,0.14177394053461093,0.10351332072305233,0.0935550772104549,0.20676458240629947,0.3388423384681182
148,Krachi West,KRACHI WEST,Oti,0.1926133942568189,0.12971922470357192,0.11163715095701342,0.10089273032500039,0.1184506859919485,0.1184506859919485,0.1611663094801954,0.17820014706753315,0.18973074481896177,0.23768754910331258,0.18632397730149422,0.2759481689148712,0.3980676814640924,0.6999596953196779
149,Krowor,KROWOR MUNICIPAL,Greater Accra,0.11294744615603938,0.0998444941657796,0.11425774135506536,0.11189920999681861,0.11871274503175369,0.11871274503175369,0.16326278179863699,0.045598272926104064,0.13181569702201348,0.07756947578233796,0.250266383013962,0.06105975627461062,0.4006882718621444,0.3888956150709106
150,Kumasi,KUMASI METROPOLITAN,Ashanti,1.0086652442101987,1.0243887865985102,0.8640086542377305,0.9305716503482502,1.0469258640217571,1.0469258640217571,0.9242822333929256,0.5390554448792878,0.6048322638703919,1.1821483285612382,1.0416846832256532,0.8477609937698083,3.01813396143644,3.0715940055566997
151,Kumbungu,KUMBUNGU,Northern,0.1687660216345461,0.17951044226655913,0.1742692614704552,0.13233981510162388,0.1236918667880524,0.1236918667880524,0.30136789577597517,0.3406767517467545,0.2874787666662998,0.3058228994526635,0.26441757116344256,0.24948020589454636,0.54875162935208,0.8197206765106524
152,Kwabre East,KWABRE EAST,Ashanti,0.1480633574899356,0.15461483348506552,0.14020158629577975,0.08910007353376657,0.11163715095701342,0.11163715095701342,0.15382865636564994,0.06944564554837689,0.06918358650857169,0.15880777812194863,0.15828366004233826,0.1682419035549357,0.37710295827967677,0.4853333417192226
153,Kwadaso,KWADASO MUNICIPAL,Ashanti,0.34565587350305327,0.30241613193519595,0.3058228994526635,0.37159971844376766,0.3100158440895466,0.3100158440895466,0.3970194453048716,0.2956025969002608,0.22694312847129955,0.4648927366144173,0.37605472212045593,0.21593664879948132,1.0170511334839647,1.0568841075343547
154,Kwaebibirem,KWAEBIBIREM,Eastern,0.5864881310840282,0.5610684042229241,0.45126566654454714,0.3888956150709105,0.4473347809474692,0.4473347809474692,0.6370655257664309,0.509966891460911,0.35980706165253384,0.6962908687624052,0.6850223300507818,0.504463651625002,1.5317350876613693,1.885776850438189
155,Kwahu East,KWAHU EAST,Eastern,0.22301224287422164,0.28407199914883224,0.21541253071987093,0.1624766046792214,0.2295637188693515,0.2295637188693515,0.3663585376476637,0.29586465594006606,0.25812815420811785,0.4232253492853912,0.37841325347870275,0.2929820065022089,0.8254859753863667,1.094620609266303
156,Kwahu North,KWAHU NORTH,Eastern,0.1561871877238967,0.1255262800666888,0.12238157158902643,0.08962419161337697,0.09827213992694842,0.09827213992694842,0.1493736526889616,0.15461483348506552,0.14596688517149406,0.18029661938597472,0.16745572643552012,0.13233981510162388,0.3459179325428584,0.4800921609231187
157,Kwahu South,KWAHU SOUTH,Eastern,0.4017365080213651,0.34775234582149483,0.35089705429915713,0.30975378504974144,0.2759481689148712,0.2759481689148712,0.4227012312057808,0.2680863977207153,0.2557696228498711,0.3828682571553911,0.4599136148581186,0.38077178483694946,0.9745975690355231,1.223553656850459
158,Kwahu West,KWAHU WEST MUNICIPAL,Eastern,0.39780562242428724,0.3396285155875337,0.24843196973532558,0.3084434898507154,0.32940821303513107,0.32940821303513107,0.49083658155513177,0.33333909863220906,0.3236429141594168,0.4690856812513005,0.6257969870548076,0.4360662422358458,1.149653007625394,1.5309489105419538
159,La-Dade-Kotopon,LA DADE-KOTOPON,Greater Accra,0.27804464123331274,0.3629517701301962,0.32862203591571554,0.2848581762682478,0.3367458661496766,0.3367458661496766,0.5511101607103267,0.39623326818545607,0.2680863977207153,0.4161497552106509,0.48323686940078103,0.33989057462733896,1.2246018930096798,1.2392771992387708
160,La-Nkwantanang-Madina,LA-NKWANTANANG-MADINA,Greater Accra,0.42296329024558604,0.4732786258881836,0.49424334907259926,0.4287285891213003,0.47616127532604074,0.47616127532604074,0.8443542262523408,0.49109864059493696,0.39125414642915735,1.0783729487983809,1.2628625128212385,0.5967084336364309,1.7966767769044223,2.93794389525605
161,Lambussie,LAMBUSSIE-KARNI,Upper West,0.2919337703429881,0.4368524193552614,0.31656732008467653,0.17610367474909158,0.17060043491318244,0.17060043491318244,0.3574485302942871,0.21410223552084495,0.42427358544461197,0.47642333436584594,0.2976990692187024,0.25891433132753344,0.698649400120652,1.0330367349120817
162,Lawra,LAWRA,Upper West,0.25760403612850746,0.2806652316313647,0.287740825706105,0.16771778547532532,0.1692901397141565,0.1692901397141565,0.21855723919753328,0.25917639036733864,0.5249042567298072,0.5364348544812357,0.33543557095065063,0.2995334824973388,0.5571375186258463,1.171403907929225
163,Ledzokuku,LEDZOKUKU MUNICIPAL,Greater Accra,0.09434125432987049,0.12264363062883163,0.11451980039487056,0.10167890744441596,0.09643772664831204,0.09643772664831204,0.20126134257039038,0.13365011030064985,0.11556803655409134,0.18920662673935137,0.28433405818863744,0.16719366739571492,0.39413679586701444,0.6407343523237038
164,Lower-Manya Krobo,LOWER MANYA KROBO,Eastern,0.5042015925851967,0.4169359323300665,0.16483513603746816,0.35613823509526105,0.3697653051651313,0.3697653051651313,0.6619611345479245,0.35849676645350786,0.28538229434785817,0.60221167347234,0.9743355099957179,0.3870612017922742,1.4014917448781872,1.9636083852603319
165,Mamprugu-Moagduri,MAMPRUGU MOAGDURI,North East,0.24397696605863728,0.2919337703429881,0.23192225022759827,0.20886105472474104,0.13941540917636416,0.13941540917636416,0.2916717113031829,0.2880028847459102,0.2473837335761048,0.3577105893340922,0.35430382181662473,0.15513895156467591,0.5705025296559112,0.8671533627153929
166,Mfantsiman,MFANTSEMAN MUNICIPAL,Central,0.4297768252805211,0.40566739361844306,0.412218869613573,0.37788913539909236,0.48821599115707975,0.48821599115707975,0.6195075700994829,0.48245069228136545,0.48821599115707975,0.7306206029768858,0.8868077907007826,0.45414831598240435,1.5959395524136424,2.071576709660073
167,Mion,MION,Northern,0.1601180733209746,0.11949892215116928,0.12107127639000045,0.13548452357928623,0.10901656055896145,0.10901656055896145,0.2673002206012997,0.3569244122146767,0.36845500996610525,0.37946148963792353,0.3100158440895466,0.21646076687909171,0.4853333417192226,0.9059381006065619
168,Mpohor,MPOHOR,Western,0.14465658997246808,0.12264363062883163,0.1315536379822083,0.13548452357928623,0.1556630696442863,0.1556630696442863,0.19890281121214362,0.14020158629577975,0.12290568966863682,0.0877897783347406,0.2418804937401957,0.2122678222422086,0.5102289505007163,0.5419380943171449
169,Nabdam,NABDAM,Upper East,0.40671562977766385,0.6347069944081842,0.5036774745055863,0.5655234078996125,0.5699784115763009,0.5699784115763009,0.587536367243249,0.8076659606796134,0.8687257169542241,0.9080345729250034,0.7594470973554573,0.7033664628371455,1.7274931903958508,2.3708481331176063
170,Nadowli-Kaleo,NADOWLI-KALEO,Upper West,0.3288840949555207,0.3257393864778584,0.32757379975649475,0.2358531358246762,0.2049301691276631,0.2049301691276631,0.3446076373438325,0.3768408992398716,0.46987185837071604,0.47668539340565114,0.4310871204795471,0.30818143081091026,0.7544679755991587,1.2159539446961085
171,Nandom,NANDOM,Upper West,0.2798790545119491,0.25157667821298796,0.2172469439985073,0.11714039079292253,0.12945716566376672,0.12945716566376672,0.19523398465487085,0.24004608046155934,0.41850828656889766,0.31918791048272843,0.23192225022759827,0.1915651580975981,0.4541483159824043,0.7426753188079248
172,Nanton,NANTON,Northern,0.07259035402603924,0.04428797772707809,0.049267099483376806,0.04533621388629887,0.046122391005714455,0.046122391005714455,0.012578833910649399,0.04428797772707809,0.0940791952900653,0.08176242041922109,0.10927861959876664,0.056866811637727485,0.10482361592207831,0.24790785165571522
173,Nanumba North,NANUMBA NORTH,Northern,0.060011520115389835,0.2002131064111696,0.15356659732584474,0.14124982245500053,0.12290568966863682,0.12290568966863682,0.30215407289539076,0.10429949784246792,0.1923513352170137,0.1881583905801306,0.1561871877238967,0.160642191400585,0.5479654522326645,0.5049877697046123
174,Nanumba South,NANUMBA SOUTH,Northern,0.23139813214798788,0.25314903245181913,0.2298257779091567,0.16562131315688375,0.2002131064111696,0.2002131064111696,0.30320230905461154,0.30975378504974144,0.16378689987824738,0.27621022795467637,0.23978402142175415,0.22012959343636446,0.7036285218769507,0.736123842812795
175,New Juaben North,NEW JUABEN NORTH MUNICIPAL,Eastern,0.1999510473713644,0.1850136821024682,0.08359683369785746,0.13993952725597456,0.15461483348506552,0.15461483348506552,0.34775234582149483,0.20807487760532545,0.19313751233642928,0.4182462275290925,0.43003888432032633,0.2693966929197413,0.6569820127916259,1.1176818047691601
176,New Juaben South,NEW JUABEN SOUTH MUNICIPAL,Eastern,0.7691432818282496,0.7251173631409767,0.6373275848062361,0.6863326252498078,0.8810424918250682,0.8810424918250682,0.8105486101174706,0.9284751780298087,0.5026292383463655,1.2547386825872775,1.3569417081113038,0.7164694148274052,2.5726335937676073,3.3281498055259866
177,Ningo Prampram,NINGO/PRAMPRAM,Greater Accra,0.12631245718610437,0.12028509927058487,0.16640749027629934,0.1501598298083772,0.18344132786363704,0.18344132786363704,0.2568178590090919,0.20126134257039038,0.17322102531123443,0.25943844940714383,0.5120633637793526,0.23821166718292297,0.6237005147363659,1.0097134803694194
178,Nkoranza North,NKORANZA NORTH,Bono East,0.1692901397141565,0.15697336484331229,0.1747933795500656,0.12159539446961085,0.13181569702201348,0.13181569702201348,0.325215268398248,0.2418804937401957,0.20781281856552025,0.3362217480700662,0.28276170394980626,0.1611663094801954,0.588846662442275,0.7801497615000679
179,Nkoranza South,NKORANZA SOUTH,Bono East,0.5322419098443527,0.44812095806688484,0.32757379975649475,0.29822318729831276,0.31813967432350765,0.31813967432350765,0.5993290240344827,0.38024766675733906,1.3889129109675378,0.6598646622294829,0.6645817249459766,0.43082506143974186,1.2356083726814981,1.7552714486152015
180,Nkwanta North,NKWANTA NORTH,Oti,0.13181569702201348,0.1367948187783122,0.0801900661803899,0.09853419896675361,0.0877897783347406,0.0877897783347406,0.1428221766938317,0.12316774870844202,0.17846220610733834,0.1480633574899356,0.09014830969298736,0.09905831704636402,0.3184017333633129,0.337269984229287
181,Nkwanta South,NKWANTA SOUTH MUNICIPAL,Oti,0.21960547535675407,0.18265515074422145,0.13600864165889662,0.1436083538132473,0.1493736526889616,0.1493736526889616,0.23323254542662428,0.19444780753545526,0.20886105472474104,0.08988625065318216,0.17793808802772795,0.13365011030064985,0.5319798508045475,0.40147444898155993
182,North Dayi,NORTH DAYI,Volta,0.11714039079292253,0.10718214728032507,0.0801900661803899,0.06158387435422101,0.08412095177746785,0.08412095177746785,0.1918272171374033,0.12919510662396153,0.09827213992694842,0.17191073011220842,0.17322102531123443,0.12447804390746799,0.360069120692339,0.46960979933091085
183,North Gonja,NORTH GONJA,Savannah,0.11111303287740303,0.07232829498623404,0.07966594810077951,0.04455003676688329,0.040881210209610545,0.040881210209610545,0.05870122491636386,0.11032685575798742,0.10927861959876664,0.0689215274687665,0.07783153482214315,0.07914183002116913,0.14046364533558495,0.22589489231207877
184,North Tongu,NORTH TONGU,Volta,0.2002131064111696,0.17374514339084482,0.1430842357336369,0.05450828027948072,0.14622894421129926,0.14622894421129926,0.2880028847459102,0.1915651580975981,0.18632397730149422,0.36164147493117016,0.43711447839506656,0.21960547535675407,0.5804607731685087,1.0183614286829907
185,North-East Gonja,NORTH EAST GONJA,Savannah,0.025681785900909186,0.019130309905779293,0.011792656791233811,0.019916487025194878,0.008647948313571461,0.008647948313571461,0.019130309905779293,0.02987473053779232,0.022799136463052032,0.03170914381642869,0.037474442692143,0.02384737262227282,0.036426206532922216,0.09303095913084451
186,Nsawam-Adoagyiri,NSAWAM ADOAGYIRE MUNICIPAL,Eastern,0.6153146254625997,0.5718128248549371,0.5933016661189632,0.4599136148581186,0.5568754595860411,0.5568754595860411,0.7500129719224703,0.4685615631716901,0.4206047588873392,1.78698059243163,0.8532642336057175,0.6210799243383139,1.8637638910945524,3.2613247503756613
187,Nzema East,NZEMA EAST,Western,0.17636573378889678,0.14151188149480573,0.13312599222103946,0.1480633574899356,0.11425774135506536,0.11425774135506536,0.13260187414142907,0.10534773400168872,0.09067242777259774,0.14622894421129926,0.2568178590090919,0.14622894421129926,0.36111735685155977,0.5492757474316904
188,Obuasi,OBUASI MUNICIPAL,Ashanti,0.4192944636883133,0.3296702720749363,0.32285673704000123,0.3113261392885726,0.3448696963836376,0.3448696963836376,0.6871188023692234,0.408287984016495,0.2728034604372088,0.6991735182002624,0.6336587582489634,0.5078704191424694,1.3768581951364987,1.8407026955916954
189,Obuasi East,OBUASI EAST,Ashanti,0.47563715724643035,0.5348625002424046,0.2180331211179229,0.538007208720067,0.4994845298687032,0.4994845298687032,0.24371490701883208,0.5194010168938981,0.3791994305981183,0.1679798445151305,0.7130626473099377,0.7224967727429248,1.2426839667562384,1.603539264567993
190,Offinso,OFFINSO MUNICIPAL,Ashanti,0.2424046118198061,0.24633549741688404,0.2788308183527283,0.19811663409272803,0.16404895891805257,0.16404895891805257,0.20886105472474104,0.17322102531123443,0.17767602898792276,0.3388423384681182,0.05319798508045475,0.22484665615285798,0.5369589725608461,0.6168869797014309
191,Offinso North,OFFINSO NORTH,Ashanti,0.27856875931292313,0.2612728626857802,0.21934341631694887,0.2051922281674683,0.22301224287422164,0.22301224287422164,0.345393814463248,0.25236285533240355,0.21357811744123456,0.3786753125185079,0.39073002834954695,0.2500043239741568,0.7914183002116912,1.0194096648422115
192,Oforikrom,OFORIKROM MUNICIPAL,Ashanti,0.3823441390757807,0.26598992540227373,0.2916717113031829,0.2366393129440918,0.28276170394980626,0.28276170394980626,0.38391649331461186,0.2628452169246114,0.3218085008807804,0.8315133333018863,0.7222347137031195,0.571550765815132,0.9494399012142244,2.1252988128201378
193,Okai Koi North,OKAIKWEI NORTH MUNICIPAL,Greater Accra,0.047956804284350826,0.050315335642597596,0.0432397415678573,0.0689215274687665,0.06368034667266258,0.06368034667266258,0.17217278915201362,0.2555075638100659,0.4612239100571446,1.0440432145839,1.0576702846537702,0.45074154846493675,0.2995334824973388,2.552455047702607
194,Okere,OKERE,Eastern,0.28328582202941666,0.2754240508352608,0.30398848617402713,0.24476314317805287,0.26441757116344256,0.26441757116344256,0.35561411701565065,0.23375666350623467,0.2044060510480527,0.30922966697013105,0.3121123164079882,0.2861684714672738,0.8844492593425357,0.9075104548453932
195,Old Tafo,OLD TAFO MUNICIPAL,Ashanti,0.0877897783347406,0.11530597751428615,0.09486537240948088,0.10534773400168872,0.10167890744441596,0.10167890744441596,0.12709863430551996,0.09224478201142891,0.20833693664513064,0.2303498959887671,0.10456155688227313,0.09905831704636402,0.3304564491943519,0.43396976991740427
196,Prestea-Huni Valley,PRESTEA/HUNI VALLEY,Western,0.21515047168006574,0.1682419035549357,0.19890281121214362,0.23297048638681908,0.25786609516831266,0.25786609516831266,0.34670410966227405,0.21960547535675407,0.22668106943149435,0.49896041178909273,0.5912051938005216,0.40409503937961194,0.8624362999988994,1.4942606449692262
197,Pru,PRU EAST,Bono East,0.32102232376136486,0.3045126042536375,0.0809762432998055,0.1179265679123381,0.22589489231207877,0.22589489231207877,0.2992714234575336,0.29586465594006606,0.40357092130000155,0.7015320495585091,0.18134485554519547,0.2667761025216893,0.7510612080816912,1.149653007625394
198,Pru West,PRU WEST,Bono East,0.10298920264344194,0.11111303287740303,0.10718214728032507,0.06525270091149375,0.12133333542980565,0.12133333542980565,0.19313751233642928,0.13548452357928623,0.19837869313253323,0.27752052315370235,0.22668106943149435,0.1679798445151305,0.4358041831960406,0.6721814371003272
199,Pusiga,PUSIGA,Upper East,0.5031533564259759,0.22720518751110474,0.6061425590694178,0.37605472212045593,0.32102232376136486,0.32102232376136486,0.36268971109039094,0.5136357180181838,0.4344938879970146,0.33333909863220906,0.31394672968662457,0.20990929088396185,1.0047343586131205,0.8571951192027955
200,Saboba,SABOBA,Northern,0.18658603634129942,0.2599625674867542,0.12762275238513035,0.15461483348506552,0.15723542388311748,0.15723542388311748,0.26520374828285814,0.30320230905461154,0.33281498055259867,0.3579726483738975,0.17898632418694874,0.14124982245500053,0.5796745960490931,0.6782087950158467
201,Sagnarigu,SAGNERIGU,Northern,0.3909920873893521,0.2631072759644166,0.28957523898474136,0.18344132786363704,0.16693160835590973,0.16693160835590973,0.6011634373131192,0.5235939615307812,0.2748999327556504,0.646499651199418,0.5953981384374047,0.388109437951495,0.9350266540249386,1.630007227588318
202,Savelugu,SAVELUGU,Northern,0.18999280385876696,0.14518070805207847,0.13260187414142907,0.11661627271331214,0.12736069334532515,0.12736069334532515,0.2125298812820138,0.33150468535357264,0.25288697341201394,0.19104104001798775,0.2874787666662998,0.22143988863539046,0.46725126797266414,0.6999596953196779
203,Sawla-Tuna-Kalba,SAWLA-TUNA-KALBA,Savannah,0.1690280806743513,0.19575810273448124,0.18475162306266302,0.1430842357336369,0.1564492467637019,0.1564492467637019,0.20964723184415665,0.18055867842577988,0.3341252757516246,0.29062347514396214,0.28249964491000107,0.1601180733209746,0.5225457253715604,0.7332411933749379
204,Sefwi-Akontombra,SEFWI AKONTOMBRA,Western North,0.10849244247935105,0.09696184472792244,0.12185745350941604,0.08936213257357177,0.10456155688227313,0.10456155688227313,0.19733045697331245,0.13915335013655897,0.15487689252487072,0.20624046432668908,0.19523398465487085,0.17610367474909158,0.4064535707378587,0.5775781237306515
205,Sefwi-Wiawso,SEFWI-WIAWSO,Western North,0.4790439247638979,0.38837149699130014,0.32783585879629995,0.3375320432690922,0.22510871519266318,0.22510871519266318,0.5972325517160412,0.4405212459125341,0.27752052315370235,0.41405328289220933,0.471182153569742,0.36504824244863776,1.0474499821013676,1.2502836789105891
206,Sekondi-Takoradi,SEKONDI TAKORADI METROPOLIS,Western,1.3949402688830572,1.132357110998251,1.3739755456986416,1.3834096711316286,1.1480806533865628,1.1480806533865628,1.1803139152826019,0.9444607794579256,0.7984938942864316,1.5849330727418243,1.8158070868102016,0.9174686983579904,3.4764752220557273,4.318208857910016
207,Sekyere Afram Plains,SEKYERE AFRAM PLAINS NORTH,Ashanti,0.039046796930974174,0.03537797037370143,0.03039884861740271,0.032757379975649474,0.03406767517467545,0.03406767517467545,0.04192944636883133,0.03852267885136378,0.04743268620474044,0.06472858283188336,0.08359683369785746,0.08700360121532501,0.11006479671818223,0.23532901774506582
208,Sekyere Central,SEKYERE CENTRAL,Ashanti,0.2670381615614945,0.22353636095383203,0.16666954931610453,0.175317497629676,0.22353636095383203,0.22353636095383203,0.26389345308383216,0.22222606575480605,0.17636573378889678,0.34434557830402723,0.3430352831050013,0.24135637566058532,0.7109661749914962,0.9287372370696139
209,Sekyere East,SEKYERE EAST,Ashanti,0.43239741567857304,0.3055608404128583,0.2686105158003257,0.31394672968662457,0.3815579619563651,0.3815579619563651,0.3003196596167544,0.22720518751110474,0.21881929823733848,0.35980706165253384,0.3938747368272093,0.3236429141594168,1.0634355835294846,1.07732471263916
210,Sekyere Kumawu,SEKYERE KUMAWU,Ashanti,0.14911159364915638,0.1493736526889616,0.12657451622590957,0.11949892215116928,0.17767602898792276,0.17767602898792276,0.29743701017889723,0.1692901397141565,0.14203599957441612,0.1616904275598058,0.25917639036733864,0.1926133942568189,0.6527890681547428,0.6134802121839633
211,Sekyere South,SEKYERE SOUTH,Ashanti,0.37500648596123515,0.32652556359727397,0.2811893497109751,0.298485246338118,0.3548279398962351,0.3548279398962351,0.4397350687931185,0.30975378504974144,0.2177710620781177,0.5631648765413657,0.3702894232447417,0.27647228699448156,1.1493909485855887,1.2099265867805888
212,Sene East,SENE EAST,Bono East,0.1918272171374033,0.1755795566694812,0.12867098854435113,0.11085097383759783,0.15382865636564994,0.15382865636564994,0.2670381615614945,0.25786609516831266,0.21881929823733848,0.23139813214798788,0.16745572643552012,0.13731893685792257,0.5746954742927943,0.5361727954414306
213,Sene West,SENE WEST,Bono East,0.5280489652074696,0.39413679586701444,0.3723858955631832,0.34382146022441684,0.3540417627768195,0.3540417627768195,0.4869056959580538,0.5175666036152617,0.5456069208744176,0.5872743082034438,0.49712599851045647,0.4612239100571446,1.1949892215116926,1.5456242167710448
214,Shai-Osudoku,SHAI OSUDOKU,Greater Accra,0.23952196238194895,0.2450252022178581,0.25131461917318276,0.15749748292292268,0.1488495346093512,0.1488495346093512,0.2481699106955204,0.19890281121214362,0.13391216934045505,0.6837120348517559,0.43868683263389774,0.19759251601311764,0.5458689799142228,1.319991383498771
215,Shama,SHAMA,Western,0.9216616429948736,0.712014411150717,0.8265342115455876,0.9756458051947439,0.9457710746569516,0.9457710746569516,0.8191965584310421,0.667988492463444,0.4931951129133785,0.4672512679726641,1.1834586237602642,0.7743844626243536,2.7107387077449454,2.425094354357282
216,Sissala East,SISSALA EAST,Upper West,0.3042505452138323,0.37474442692143,0.496601880430846,0.31551908392545575,0.28878906186532577,0.28878906186532577,0.2856443533876634,0.32102232376136486,0.5209733711327292,0.7932527134903277,0.4937192309929888,0.2751619917954556,0.863222477118315,1.562133936278772
217,Sissala West,SISSALA WEST,Upper West,0.42637005776305353,0.4583412606192875,0.4337077108775991,0.34277322406519606,0.2940302426614297,0.2940302426614297,0.2992714234575336,0.3312426263137675,0.6651058430255868,0.5993290240344827,0.40068827186214434,0.33464939383123504,0.887331908780393,1.3346666897278623
218,South Dayi,SOUTH DAYI,Volta,0.2796169954721439,0.24476314317805287,0.19916487025194882,0.2041439920082475,0.21174370416259822,0.21174370416259822,0.37841325347870275,0.2628452169246114,0.22196400671500086,0.4198185817679237,0.3765788402000663,0.2358531358246762,0.8019006618038992,1.0322505577926662
219,South Tongu,SOUTH TONGU,Volta,0.2675622796411049,0.23244636830720866,0.20178546065000078,0.2424046118198061,0.2754240508352608,0.2754240508352608,0.43134917951935225,0.3223326189603908,0.20571634624707869,0.5222836663317552,0.8060936064407823,0.4455003676688329,0.9821972811898738,1.7738776404413705
220,Suaman,SUAMAN,Western North,0.06787329130954571,0.09172066393181852,0.0940791952900653,0.05581857547850671,0.05634269355811709,0.05634269355811709,0.12893304758415633,0.08438301081727305,0.08254859753863668,0.16352484083844218,0.11635421367350693,0.10351332072305233,0.24161843470039052,0.38339237523500147
221,Suame,SUAME MUNICIPAL,Ashanti,0.21488841264026054,0.15828366004233826,0.16955219875396169,0.199426929291754,0.16352484083844218,0.16352484083844218,0.29822318729831276,0.235591076784871,0.10325126168324714,0.1567113058035071,0.28328582202941666,0.21436429456065015,0.6252728689751972,0.6543614223935739
222,Suhum,SUHUM MUNICIPAL,Eastern,0.30189201385558556,0.22065371151597485,0.2686105158003257,0.12945716566376672,0.23978402142175415,0.23978402142175415,0.2450252022178581,0.2541972686110399,0.1299812837433771,0.2819755268303907,0.3763167811602612,0.18448956402285782,0.7245932450613664,0.8427818720135096
223,Sunyani Municipal,SUNYANI MUNICIPAL,Bono,1.323922269095849,1.1834586237602642,1.0204579010014323,0.8666292446357825,0.8357062779387694,0.8357062779387694,1.662502548524162,1.0236026094790949,0.6216040424179244,1.3841958482510441,1.2515939741096151,0.8807804327852631,3.333915104401701,3.516570255145923
224,Sunyani West,SUNYANI WEST,Bono,0.4606997919775342,0.46332038237558615,0.4586033196590926,0.40907416113591066,0.3540417627768195,0.3540417627768195,0.7513232671214963,0.46882362221149526,0.3619035339709754,0.6339208172887686,0.5537307511083788,0.4672512679726641,1.4594067926751353,1.6549028363698115
225,Tain,TAIN,Bono,0.5573995776656514,0.4840230465201966,0.6378517028858466,0.4963398213910408,0.4164118142504561,0.4164118142504561,0.6412584704033141,0.4554586111814303,0.6166249206616257,0.7156832377079897,0.6768984998168207,0.6313002268907166,1.4740820989042263,2.0238819644155273
226,Talensi,TALENSI,Upper East,0.5083945372220798,0.5230698434511708,0.4931951129133785,0.4069776888174691,0.3529935266175987,0.3529935266175987,0.3548279398962351,0.445762426708638,0.5670957621384437,0.8089762558786394,0.5497998655113008,0.3768408992398716,1.0608149931314326,1.7356170206298116
227,Tamale,TAMALE METROPOLITAN,Northern,0.5458689799142228,0.546131038954028,0.4289906481611055,0.3891576741107158,0.18134485554519547,0.18134485554519547,0.9806249269510426,0.587536367243249,0.4080259249766899,0.9612325580054581,0.5668337030986386,0.5597581090238982,1.3433146380414336,2.087824370127995
228,Tano North,TANO NORTH MUNICIPAL,Ahafo,0.662485252627535,0.571550765815132,0.5977566697956517,0.6252728689751972,0.6619611345479245,0.6619611345479245,0.7057249941953923,0.46646509085324855,0.38679914275246896,0.6829258577323403,0.7222347137031195,0.6365414076868207,2.029647263291241,2.0417019791222804
229,Tano South,TANO SOUTH MUNICIPAL,Ahafo,0.23454284062565026,0.1729589662714292,0.1918272171374033,0.12133333542980565,0.17636573378889678,0.17636573378889678,0.27018287003915686,0.09591360856870165,0.09303095913084451,0.19575810273448124,0.06865946842896128,0.04533621388629887,0.6229143376169504,0.30975378504974144
230,Tarkwa-Nsuaem,TARKWA NSUAEM,Western,1.2927372433590307,1.153845952262277,1.0424708603450688,1.074966181280913,1.132357110998251,1.132357110998251,1.6352484083844216,0.8454024624115616,0.9428884252190944,1.3962505640820833,1.9811663409272802,1.2570972139455243,3.899962630380924,4.634514118954888
231,Tatale-Sangule,TATALE SANGULI,Northern,0.17164867107240322,0.12002304023077967,0.14491864901227328,0.10954067863857184,0.10377537976285753,0.10377537976285753,0.20728870048590986,0.23297048638681908,0.28380994010902705,0.15094600692779278,0.17400720243065002,0.2051922281674683,0.4148394600116249,0.5301454375259111
232,Techiman Municipal,TECHIMAN MUNICIPAL,Bono East,1.14441182682929,0.9158963441191593,0.938171362502601,0.9237581153133152,0.8118589053164965,0.8118589053164965,1.4803715158595512,0.8315133333018863,0.729572366817665,1.37843054937533,1.4303182392567586,1.270462224975589,3.104089326492544,4.079211013607678
233,Techiman North,TECHIMAN NORTH,Bono East,0.32259467800019603,0.3687170690059105,0.31053996216915697,0.2874787666662998,0.4043570984194171,0.4043570984194171,0.3173534972040921,0.3964953272252612,0.3110640802487674,0.5490136883918851,0.5031533564259759,0.4232253492853912,1.1260676940429262,1.4753923941032523
234,Tema,TEMA METROPOLITAN,Greater Accra,0.18527574114227344,0.02856443533876634,0.10403743880266272,0.07599712154350678,0.11661627271331214,0.11661627271331214,0.07704535770272757,0.11373362327545497,0.06027357915519503,0.18632397730149422,0.3068711356118842,0.09119654585220813,0.31027790312935183,0.5843916587655866
235,Tema West,TEMA WEST MUNICIPAL,Greater Accra,0.04455003676688329,0.020178546065000077,0.009434125432987049,0.0036688265572727414,0.010482361592207832,0.010482361592207832,0.019654427985389685,0.027516199179545557,0.042977682528052105,0.10272714360363674,0.07756947578233796,0.04114326924941574,0.04061915116980535,0.22143988863539044
236,Tempane,TEMPANE,Upper East,0.5144218951375994,0.5107530685803267,0.5422001533569502,0.2987473053779232,0.307919371771105,0.307919371771105,0.2557696228498711,0.25210079629259835,0.5629028175015606,0.8102865510776653,0.5883225443626646,0.35980706165253384,0.8716083663920811,1.7584161570928636
237,Tolon,TOLON,Northern,0.2177710620781177,0.1305054018229875,0.10980273767837703,0.0875277192949354,0.11242332807642899,0.11242332807642899,0.17007631683357205,0.22641901039168916,0.2429287298994165,0.2811893497109751,0.20571634624707869,0.15906983716175382,0.39492297298643003,0.6459755331198076
238,Twifo-Ati-Mokwa,TWIFO ATTI-MORKWA,Central,0.23794960814311777,0.21855723919753328,0.22641901039168916,0.15251836116662396,0.1679798445151305,0.1679798445151305,0.22406047903344242,0.1881583905801306,0.16142836852000061,0.21095752704318263,0.4206047588873392,0.30162995481578037,0.5600201680637035,0.9331922407463022
239,Twifo-Hemang Lower Denkyira,TWIFO HEMANG LOWER DENKYIRA,Central,0.050315335642597596,0.05791504779694827,0.07861771194155874,0.05162563084162357,0.060011520115389835,0.060011520115389835,0.06682505515032493,0.05136357180181837,0.05660475259792229,0.10482361592207833,0.17636573378889678,0.14020158629577975,0.18684809538110458,0.4213909360067548
240,Upper Denkyira East,UPPER DENKYIRA EAST MUNICIPAL,Central,0.3005817186565596,0.2725414013974036,0.15723542388311748,0.1488495346093512,0.46803744509207973,0.46803744509207973,0.5209733711327292,0.3388423384681182,0.3168293791244817,0.4520518436639627,0.35954500261272865,0.512587481858963,1.4570482613168887,1.3241843281356545
241,Upper Denkyira West,UPPER DENKYIRA WEST,Central,0.15330453828603954,0.10141684840461077,0.12840892950454594,0.1438704128530525,0.08202447945902629,0.08202447945902629,0.28328582202941666,0.17662779282870197,0.15094600692779278,0.23506695870526065,0.19890281121214362,0.21829518015772809,0.44733478094746926,0.6522649500751323
242,Upper Manya-Krobo,UPPER MANYA KROBO,Eastern,0.15513895156467591,0.12211951254922124,0.1252642210268836,0.1315536379822083,0.1375809958977278,0.1375809958977278,0.24554932029746848,0.18422750498305263,0.17924838322675393,0.2631072759644166,0.3336011576720142,0.13836717301714338,0.5207113120929241,0.7350756066535742
243,Upper West Akim,UPPER WEST AKIM,Eastern,0.1630007227588318,0.13862923205694858,0.15173218404720837,0.12080921735019526,0.10849244247935105,0.10849244247935105,0.20388193296844231,0.18999280385876696,0.160642191400585,0.21017134992376704,0.2620590398051958,0.16352484083844218,0.4208668179271444,0.635755230567405
244,Wa East,WA EAST,Upper West,0.12080921735019526,0.18134485554519547,0.18291720978402665,0.13993952725597456,0.12211951254922124,0.12211951254922124,0.1425601176540265,0.24004608046155934,0.3514211723787675,0.3752685450010404,0.30765731273129987,0.2426666708596113,0.38679914275246896,0.9255925285919515
245,Wa Municipal,WA MUNICIPAL,Upper West,0.9743355099957179,0.745557968245782,0.6210799243383139,0.5228077844113657,0.45021743038532636,0.45021743038532636,0.8341339236999382,0.690787628926496,0.795087126768964,0.7979697762068212,0.681353503493509,0.4677753860522745,1.734568784470591,1.9470986657526046
246,Wa West,WA WEST,Upper West,0.3260014455176636,0.33936645654772857,0.3197120285623388,0.23873578526253336,0.21934341631694887,0.21934341631694887,0.3412008698263649,0.37736501731948197,0.6064046181092231,0.5018430612269499,0.4048812164990275,0.3729100136427936,0.7798877024602626,1.279634291368771
247,Wassa Amenfi Central,WASSA AMENFI CENTRAL,Western,0.1920892761772085,0.1624766046792214,0.15199424308701356,0.14911159364915638,0.15461483348506552,0.15461483348506552,0.24843196973532558,0.2004751654509748,0.19130309905779294,0.37212383652337805,0.37159971844376766,0.3199740876021441,0.5576616367054567,1.0636976425692897
248,Wassa Amenfi East,WASSA AMENFI EAST,Western,0.40671562977766385,0.3073952536914946,0.3236429141594168,0.32835997687591034,0.3933506187475989,0.3933506187475989,0.45650684734065106,0.4203426998475341,0.40855004305630027,0.6923599831653273,0.6763743817372103,0.5974946107558464,1.2432080848358489,1.966228975658384
249,Wassa Amenfi West,WASSA AMENFI WEST,Western,0.7405788464894834,0.5456069208744176,0.5563513415064306,0.626321105134418,0.5107530685803267,0.5107530685803267,0.6339208172887686,0.5904190166811062,0.5547789872675996,0.8055694883611718,0.7204003004244832,0.6003772601937035,1.655426954449422,2.1263470489793583
250,Wassa East,WASSA EAST,Western,0.3676688328466897,0.2308740140683775,0.24581137933727365,0.212791940321819,0.3236429141594168,0.3236429141594168,0.40121238994175473,0.37159971844376766,0.3419870469457805,0.3459179325428584,0.6124319760247425,0.2956025969002608,1.0484982182605884,1.2539525054678617
251,Weija-Gbawe,WEIJA GBAWE MUNICIPAL,Greater Accra,0.030660907657207907,0.03930885597077937,0.12211951254922124,0.08307271561824707,0.10534773400168872,0.10534773400168872,0.18160691458500067,0.11923686311136408,0.08962419161337697,0.1996889883315592,0.2680863977207153,0.1493736526889616,0.39230238258837813,0.6171490387412362
252,Wenchi,WENCHI MUNICIPAL,Bono,0.36164147493117016,0.4410453639921445,0.4399971278329237,0.3671447147670793,0.3857509065932482,0.3857509065932482,0.7447717911263664,0.3446076373438325,0.34696616870207925,0.546131038954028,0.5007948250677291,0.45938949677850827,1.5162736043128628,1.5063153608002655
253,West Akim,WEST AKIM MUNICIPAL,Eastern,0.47983010188331354,0.34093881078655974,0.3959712091456508,0.307919371771105,0.28983729802454655,0.28983729802454655,0.4536241979027939,0.34434557830402723,0.2874787666662998,0.5023671793065604,0.5466551570336384,0.36164147493117016,1.033298793951887,1.4106638112713688
254,West Gonja,WEST GONJA,Savannah,0.12788481142493555,0.0815003613794159,0.07861771194155874,0.07206623594642884,0.07887977098136394,0.07887977098136394,0.19497192561506566,0.13548452357928623,0.1436083538132473,0.13810511397733818,0.13810511397733818,0.11163715095701342,0.3527314675777935,0.3878473789116898
255,West Mamprusi,WEST MAMPRUSI MUNICIPAL,North East,0.15723542388311748,0.14701512133071484,0.16771778547532532,0.1745313205102604,0.13417422838026025,0.13417422838026025,0.17033837587337725,0.4420936001513653,0.7607573925544834,0.5332901460035735,0.49450540811240445,0.43292153375818343,0.43868683263389774,1.4607170878741615
256,Yendi,YENDI MUNICIPAL,Northern,0.2544593276508451,0.23899784430233856,0.17924838322675393,0.1884204496199358,0.2615349217255854,0.2615349217255854,0.4287285891213003,0.34565587350305327,0.3115881983283778,0.33464939383123504,0.2861684714672738,0.18186897362480586,0.9517984325724711,0.8026868389233146
257,Yilo-Krobo,YILO KROBO MUNICIPAL,Eastern,0.46829950413188487,0.3548279398962351,0.3951850320262353,0.2300878369489619,0.33936645654772857,0.33936645654772857,0.8118589053164965,0.5440345666355865,0.36793089188649486,0.3805097257971443,0.6737537913391584,0.4973880575502616,1.4905918184119535,1.5516515746865642
258,Yunyoo-Nasuan,YUNYOO-NASUAN,North East,0.09722390376772763,0.09696184472792244,0.0741627082648704,0.0925068410512341,0.12290568966863682,0.12290568966863682,0.10141684840461077,0.19602016177428644,0.3197120285623388,0.27752052315370235,0.12133333542980565,0.06105975627461062,0.34722822774188444,0.4599136148581186
259,Zabzugu,ZABZUGU,Northern,0.09119654585220813,0.07206623594642884,0.06603887803090934,0.04455003676688329,0.05739092971733788,0.05739092971733788,0.12474010294727318,0.050315335642597596,0.07887977098136394,0.07049388170759767,0.0875277192949354,0.14098776341519534,0.23952196238194895,0.2990093644177284
