,organisationunitname,District edit,Upper Respiratory Tract Infections January 2019,Upper Respiratory Tract Infections February 2019,Upper Respiratory Tract Infections March 2019,Upper Respiratory Tract Infections April 2019,Upper Respiratory Tract Infections May 2019,Upper Respiratory Tract Infections June 2019,Upper Respiratory Tract Infections July 2019,Upper Respiratory Tract Infections August 2019,Upper Respiratory Tract Infections September 2019,Upper Respiratory Tract Infections October 2019,Upper Respiratory Tract Infections November 2019,Upper Respiratory Tract Infections December 2019,Upper Respiratory Tract Infections January 2019ratio,Upper Respiratory Tract Infections February 2019ratio,Upper Respiratory Tract Infections March 2019ratio,Upper Respiratory Tract Infections April 2019ratio,Upper Respiratory Tract Infections May 2019ratio,Upper Respiratory Tract Infections June 2019ratio,Upper Respiratory Tract Infections July 2019ratio,Upper Respiratory Tract Infections August 2019ratio,Upper Respiratory Tract Infections September 2019ratio,Upper Respiratory Tract Infections October 2019ratio,Upper Respiratory Tract Infections November 2019ratio,Upper Respiratory Tract Infections December 2019ratio
0,Ablekuma Central,ABLEKUMA CENTRAL MUNICIPAL,2,2,2,2,2,2,2,2,2,2,2,2,5.7347505813603404e-06,5.7347505813603404e-06,5.7347505813603404e-06,5.7347505813603404e-06,5.7347505813603404e-06,5.7347505813603404e-06,5.7347505813603404e-06,5.7347505813603404e-06,5.7347505813603404e-06,5.7347505813603404e-06,5.7347505813603404e-06,5.7347505813603404e-06
1,Ablekuma North,ABLEKUMA NORTH MUNICIPAL,351,351,351,351,351,351,351,351,351,351,351,351,0.0010064487270287398,0.0010064487270287398,0.0010064487270287398,0.0010064487270287398,0.0010064487270287398,0.0010064487270287398,0.0010064487270287398,0.0010064487270287398,0.0010064487270287398,0.0010064487270287398,0.0010064487270287398,0.0010064487270287398
2,Ablekuma West,ABLEKUMA WEST MUNICIPAL,561,561,561,561,561,561,561,561,561,561,561,561,0.0016085975380715754,0.0016085975380715754,0.0016085975380715754,0.0016085975380715754,0.0016085975380715754,0.0016085975380715754,0.0016085975380715754,0.0016085975380715754,0.0016085975380715754,0.0016085975380715754,0.0016085975380715754,0.0016085975380715754
3,Abuakwa North,ABUAKWA NORTH,1522,1522,1522,1522,1522,1522,1522,1522,1522,1522,1522,1522,0.004364145192415219,0.004364145192415219,0.004364145192415219,0.004364145192415219,0.004364145192415219,0.004364145192415219,0.004364145192415219,0.004364145192415219,0.004364145192415219,0.004364145192415219,0.004364145192415219,0.004364145192415219
4,Abura-Asebu-Kwamankese,ABURA-ASEBU-KWAMANKESE,1481,1481,1481,1481,1481,1481,1481,1481,1481,1481,1481,1481,0.004246582805497332,0.004246582805497332,0.004246582805497332,0.004246582805497332,0.004246582805497332,0.004246582805497332,0.004246582805497332,0.004246582805497332,0.004246582805497332,0.004246582805497332,0.004246582805497332,0.004246582805497332
5,Accra Metro,ACCRA METROPOLIS,2706,2706,2706,2706,2706,2706,2706,2706,2706,2706,2706,2706,0.007759117536580541,0.007759117536580541,0.007759117536580541,0.007759117536580541,0.007759117536580541,0.007759117536580541,0.007759117536580541,0.007759117536580541,0.007759117536580541,0.007759117536580541,0.007759117536580541,0.007759117536580541
6,Achiase ,ACHIASE ,552,552,552,552,552,552,552,552,552,552,552,552,0.0015827911604554539,0.0015827911604554539,0.0015827911604554539,0.0015827911604554539,0.0015827911604554539,0.0015827911604554539,0.0015827911604554539,0.0015827911604554539,0.0015827911604554539,0.0015827911604554539,0.0015827911604554539,0.0015827911604554539
7,Ada East,ADA EAST,669,669,669,669,669,669,669,669,669,669,669,669,0.0019182740694650337,0.0019182740694650337,0.0019182740694650337,0.0019182740694650337,0.0019182740694650337,0.0019182740694650337,0.0019182740694650337,0.0019182740694650337,0.0019182740694650337,0.0019182740694650337,0.0019182740694650337,0.0019182740694650337
8,Ada West,ADA WEST,300,300,300,300,300,300,300,300,300,300,300,300,0.0008602125872040511,0.0008602125872040511,0.0008602125872040511,0.0008602125872040511,0.0008602125872040511,0.0008602125872040511,0.0008602125872040511,0.0008602125872040511,0.0008602125872040511,0.0008602125872040511,0.0008602125872040511,0.0008602125872040511
9,Adaklu,ADAKLU,571,571,571,571,571,571,571,571,571,571,571,571,0.001637271290978377,0.001637271290978377,0.001637271290978377,0.001637271290978377,0.001637271290978377,0.001637271290978377,0.001637271290978377,0.001637271290978377,0.001637271290978377,0.001637271290978377,0.001637271290978377,0.001637271290978377
10,Adansi Akrofuom,ADANSI AKROFUOM,170,170,170,170,170,170,170,170,170,170,170,170,0.0004874537994156289,0.0004874537994156289,0.0004874537994156289,0.0004874537994156289,0.0004874537994156289,0.0004874537994156289,0.0004874537994156289,0.0004874537994156289,0.0004874537994156289,0.0004874537994156289,0.0004874537994156289,0.0004874537994156289
11,Adansi Asokwa,ADANSI ASOKWA,530,530,530,530,530,530,530,530,530,530,530,530,0.0015197089040604901,0.0015197089040604901,0.0015197089040604901,0.0015197089040604901,0.0015197089040604901,0.0015197089040604901,0.0015197089040604901,0.0015197089040604901,0.0015197089040604901,0.0015197089040604901,0.0015197089040604901,0.0015197089040604901
12,Adansi North,ADANSI NORTH,363,363,363,363,363,363,363,363,363,363,363,363,0.0010408572305169016,0.0010408572305169016,0.0010408572305169016,0.0010408572305169016,0.0010408572305169016,0.0010408572305169016,0.0010408572305169016,0.0010408572305169016,0.0010408572305169016,0.0010408572305169016,0.0010408572305169016,0.0010408572305169016
13,Adansi South,ADANSI SOUTH,429,429,429,429,429,429,429,429,429,429,429,429,0.0012301039997017929,0.0012301039997017929,0.0012301039997017929,0.0012301039997017929,0.0012301039997017929,0.0012301039997017929,0.0012301039997017929,0.0012301039997017929,0.0012301039997017929,0.0012301039997017929,0.0012301039997017929,0.0012301039997017929
14,Adentan,ADENTA MUNICIPAL,935,935,935,935,935,935,935,935,935,935,935,935,0.002680995896785959,0.002680995896785959,0.002680995896785959,0.002680995896785959,0.002680995896785959,0.002680995896785959,0.002680995896785959,0.002680995896785959,0.002680995896785959,0.002680995896785959,0.002680995896785959,0.002680995896785959
15,Afadjato South,AFADZATO SOUTH,754,754,754,754,754,754,754,754,754,754,754,754,0.002162000969172848,0.002162000969172848,0.002162000969172848,0.002162000969172848,0.002162000969172848,0.002162000969172848,0.002162000969172848,0.002162000969172848,0.002162000969172848,0.002162000969172848,0.002162000969172848,0.002162000969172848
16,Afigya Kwabre North,AFIGYA KWABRE NORTH,568,568,568,568,568,568,568,568,568,568,568,568,0.0016286691651063367,0.0016286691651063367,0.0016286691651063367,0.0016286691651063367,0.0016286691651063367,0.0016286691651063367,0.0016286691651063367,0.0016286691651063367,0.0016286691651063367,0.0016286691651063367,0.0016286691651063367,0.0016286691651063367
17,Afigya Kwabre South,AFIGYA KWABRE SOUTH,1059,1059,1059,1059,1059,1059,1059,1059,1059,1059,1059,1059,0.0030365504328303,0.0030365504328303,0.0030365504328303,0.0030365504328303,0.0030365504328303,0.0030365504328303,0.0030365504328303,0.0030365504328303,0.0030365504328303,0.0030365504328303,0.0030365504328303,0.0030365504328303
18,Afram Plains South,KWAHU AFRAM PLAINS SOUTH,710,710,710,710,710,710,710,710,710,710,710,710,0.0020358364563829207,0.0020358364563829207,0.0020358364563829207,0.0020358364563829207,0.0020358364563829207,0.0020358364563829207,0.0020358364563829207,0.0020358364563829207,0.0020358364563829207,0.0020358364563829207,0.0020358364563829207,0.0020358364563829207
19,Agona East,AGONA EAST,919,919,919,919,919,919,919,919,919,919,919,919,0.0026351178921350765,0.0026351178921350765,0.0026351178921350765,0.0026351178921350765,0.0026351178921350765,0.0026351178921350765,0.0026351178921350765,0.0026351178921350765,0.0026351178921350765,0.0026351178921350765,0.0026351178921350765,0.0026351178921350765
20,Agona West,AGONA WEST MUNICIPAL,1100,1100,1100,1100,1100,1100,1100,1100,1100,1100,1100,1100,0.003154112819748187,0.003154112819748187,0.003154112819748187,0.003154112819748187,0.003154112819748187,0.003154112819748187,0.003154112819748187,0.003154112819748187,0.003154112819748187,0.003154112819748187,0.003154112819748187,0.003154112819748187
21,Agortime-Ziope,AGOTIME ZIOPE,405,405,405,405,405,405,405,405,405,405,405,405,0.001161286992725469,0.001161286992725469,0.001161286992725469,0.001161286992725469,0.001161286992725469,0.001161286992725469,0.001161286992725469,0.001161286992725469,0.001161286992725469,0.001161286992725469,0.001161286992725469,0.001161286992725469
22,Ahafo Ano North,AHAFO ANO NORTH,1248,1248,1248,1248,1248,1248,1248,1248,1248,1248,1248,1248,0.003578484362768852,0.003578484362768852,0.003578484362768852,0.003578484362768852,0.003578484362768852,0.003578484362768852,0.003578484362768852,0.003578484362768852,0.003578484362768852,0.003578484362768852,0.003578484362768852,0.003578484362768852
23,Ahafo Ano South East,AHAFO ANO SOUTH EAST,704,704,704,704,704,704,704,704,704,704,704,704,0.0020186322046388395,0.0020186322046388395,0.0020186322046388395,0.0020186322046388395,0.0020186322046388395,0.0020186322046388395,0.0020186322046388395,0.0020186322046388395,0.0020186322046388395,0.0020186322046388395,0.0020186322046388395,0.0020186322046388395
24,Ahafo Ano South West,AHAFO ANO SOUTH WEST,1139,1139,1139,1139,1139,1139,1139,1139,1139,1139,1139,1139,0.0032659404560847136,0.0032659404560847136,0.0032659404560847136,0.0032659404560847136,0.0032659404560847136,0.0032659404560847136,0.0032659404560847136,0.0032659404560847136,0.0032659404560847136,0.0032659404560847136,0.0032659404560847136,0.0032659404560847136
25,Ahanta West,AHANTA WEST MUNICIPAL,1489,1489,1489,1489,1489,1489,1489,1489,1489,1489,1489,1489,0.004269521807822773,0.004269521807822773,0.004269521807822773,0.004269521807822773,0.004269521807822773,0.004269521807822773,0.004269521807822773,0.004269521807822773,0.004269521807822773,0.004269521807822773,0.004269521807822773,0.004269521807822773
26,Ajumako-Enyan-Essiam,AJUMAKO-ENYAN-ESSIAM,2216,2216,2216,2216,2216,2216,2216,2216,2216,2216,2216,2216,0.006354103644147257,0.006354103644147257,0.006354103644147257,0.006354103644147257,0.006354103644147257,0.006354103644147257,0.006354103644147257,0.006354103644147257,0.006354103644147257,0.006354103644147257,0.006354103644147257,0.006354103644147257
27,Akatsi North,AKATSI NORTH,275,275,275,275,275,275,275,275,275,275,275,275,0.0007885282049370468,0.0007885282049370468,0.0007885282049370468,0.0007885282049370468,0.0007885282049370468,0.0007885282049370468,0.0007885282049370468,0.0007885282049370468,0.0007885282049370468,0.0007885282049370468,0.0007885282049370468,0.0007885282049370468
28,Akatsi South,AKATSI SOUTH,469,469,469,469,469,469,469,469,469,469,469,469,0.0013447990113289998,0.0013447990113289998,0.0013447990113289998,0.0013447990113289998,0.0013447990113289998,0.0013447990113289998,0.0013447990113289998,0.0013447990113289998,0.0013447990113289998,0.0013447990113289998,0.0013447990113289998,0.0013447990113289998
29,Akwapim North,AKWAPEM NORTH,1307,1307,1307,1307,1307,1307,1307,1307,1307,1307,1307,1307,0.0037476595049189825,0.0037476595049189825,0.0037476595049189825,0.0037476595049189825,0.0037476595049189825,0.0037476595049189825,0.0037476595049189825,0.0037476595049189825,0.0037476595049189825,0.0037476595049189825,0.0037476595049189825,0.0037476595049189825
30,Akwapim South,AKWAPEM SOUTH,360,360,360,360,360,360,360,360,360,360,360,360,0.0010322551046448613,0.0010322551046448613,0.0010322551046448613,0.0010322551046448613,0.0010322551046448613,0.0010322551046448613,0.0010322551046448613,0.0010322551046448613,0.0010322551046448613,0.0010322551046448613,0.0010322551046448613,0.0010322551046448613
31,Akyemansa,AKYEM MANSA,1349,1349,1349,1349,1349,1349,1349,1349,1349,1349,1349,1349,0.0038680892671275496,0.0038680892671275496,0.0038680892671275496,0.0038680892671275496,0.0038680892671275496,0.0038680892671275496,0.0038680892671275496,0.0038680892671275496,0.0038680892671275496,0.0038680892671275496,0.0038680892671275496,0.0038680892671275496
32,Amansie Central,AMANSIE CENTRAL,1428,1428,1428,1428,1428,1428,1428,1428,1428,1428,1428,1428,0.004094611915091283,0.004094611915091283,0.004094611915091283,0.004094611915091283,0.004094611915091283,0.004094611915091283,0.004094611915091283,0.004094611915091283,0.004094611915091283,0.004094611915091283,0.004094611915091283,0.004094611915091283
33,Amansie South,AMANSIE SOUTH,563,563,563,563,563,563,563,563,563,563,563,563,0.0016143322886529358,0.0016143322886529358,0.0016143322886529358,0.0016143322886529358,0.0016143322886529358,0.0016143322886529358,0.0016143322886529358,0.0016143322886529358,0.0016143322886529358,0.0016143322886529358,0.0016143322886529358,0.0016143322886529358
34,Amansie West,AMANSIE WEST,289,289,289,289,289,289,289,289,289,289,289,289,0.0008286714590065692,0.0008286714590065692,0.0008286714590065692,0.0008286714590065692,0.0008286714590065692,0.0008286714590065692,0.0008286714590065692,0.0008286714590065692,0.0008286714590065692,0.0008286714590065692,0.0008286714590065692,0.0008286714590065692
35,Anloga,ANLOGA,645,645,645,645,645,645,645,645,645,645,645,645,0.0018494570624887096,0.0018494570624887096,0.0018494570624887096,0.0018494570624887096,0.0018494570624887096,0.0018494570624887096,0.0018494570624887096,0.0018494570624887096,0.0018494570624887096,0.0018494570624887096,0.0018494570624887096,0.0018494570624887096
36,Aowin,AOWIN,1053,1053,1053,1053,1053,1053,1053,1053,1053,1053,1053,1053,0.003019346181086219,0.003019346181086219,0.003019346181086219,0.003019346181086219,0.003019346181086219,0.003019346181086219,0.003019346181086219,0.003019346181086219,0.003019346181086219,0.003019346181086219,0.003019346181086219,0.003019346181086219
37,Asante Akim Central,ASANTE AKIM CENTRAL MUNICIPAL,1056,1056,1056,1056,1056,1056,1056,1056,1056,1056,1056,1056,0.0030279483069582595,0.0030279483069582595,0.0030279483069582595,0.0030279483069582595,0.0030279483069582595,0.0030279483069582595,0.0030279483069582595,0.0030279483069582595,0.0030279483069582595,0.0030279483069582595,0.0030279483069582595,0.0030279483069582595
38,Asante Akim North,ASANTE AKIM NORTH,1347,1347,1347,1347,1347,1347,1347,1347,1347,1347,1347,1347,0.003862354516546189,0.003862354516546189,0.003862354516546189,0.003862354516546189,0.003862354516546189,0.003862354516546189,0.003862354516546189,0.003862354516546189,0.003862354516546189,0.003862354516546189,0.003862354516546189,0.003862354516546189
39,Asante Akim South,ASANTE AKIM SOUTH,1824,1824,1824,1824,1824,1824,1824,1824,1824,1824,1824,1824,0.00523009253020063,0.00523009253020063,0.00523009253020063,0.00523009253020063,0.00523009253020063,0.00523009253020063,0.00523009253020063,0.00523009253020063,0.00523009253020063,0.00523009253020063,0.00523009253020063,0.00523009253020063
40,Asante Mampong,MAMPONG MUNICIPAL,1896,1896,1896,1896,1896,1896,1896,1896,1896,1896,1896,1896,0.005436543551129602,0.005436543551129602,0.005436543551129602,0.005436543551129602,0.005436543551129602,0.005436543551129602,0.005436543551129602,0.005436543551129602,0.005436543551129602,0.005436543551129602,0.005436543551129602,0.005436543551129602
41,Asene Manso Akroso,ASENE MANSO AKROSO,594,594,594,594,594,594,594,594,594,594,594,594,0.001703220922664021,0.001703220922664021,0.001703220922664021,0.001703220922664021,0.001703220922664021,0.001703220922664021,0.001703220922664021,0.001703220922664021,0.001703220922664021,0.001703220922664021,0.001703220922664021,0.001703220922664021
42,Ashaiman,ASHAIMAN MUNICIPAL,2565,2565,2565,2565,2565,2565,2565,2565,2565,2565,2565,2565,0.007354817620594636,0.007354817620594636,0.007354817620594636,0.007354817620594636,0.007354817620594636,0.007354817620594636,0.007354817620594636,0.007354817620594636,0.007354817620594636,0.007354817620594636,0.007354817620594636,0.007354817620594636
43,Asikuma-Odoben-Brakwa,ASIKUMA-ODOBEN-BRAKWA,1601,1601,1601,1601,1601,1601,1601,1601,1601,1601,1601,1601,0.004590667840378953,0.004590667840378953,0.004590667840378953,0.004590667840378953,0.004590667840378953,0.004590667840378953,0.004590667840378953,0.004590667840378953,0.004590667840378953,0.004590667840378953,0.004590667840378953,0.004590667840378953
44,Asokore Mampong,ASOKORE MAMPONG MUNICIPAL,251,251,251,251,251,251,251,251,251,251,251,251,0.0007197111979607227,0.0007197111979607227,0.0007197111979607227,0.0007197111979607227,0.0007197111979607227,0.0007197111979607227,0.0007197111979607227,0.0007197111979607227,0.0007197111979607227,0.0007197111979607227,0.0007197111979607227,0.0007197111979607227
45,Asokwa,ASOKWA  MUNICIPAL,500,500,500,500,500,500,500,500,500,500,500,500,0.001433687645340085,0.001433687645340085,0.001433687645340085,0.001433687645340085,0.001433687645340085,0.001433687645340085,0.001433687645340085,0.001433687645340085,0.001433687645340085,0.001433687645340085,0.001433687645340085,0.001433687645340085
46,Assin Foso,ASSIN CENTRAL MUNICIPAL,1199,1199,1199,1199,1199,1199,1199,1199,1199,1199,1199,1199,0.003437982973525524,0.003437982973525524,0.003437982973525524,0.003437982973525524,0.003437982973525524,0.003437982973525524,0.003437982973525524,0.003437982973525524,0.003437982973525524,0.003437982973525524,0.003437982973525524,0.003437982973525524
47,Assin North,ASSIN NORTH,594,594,594,594,594,594,594,594,594,594,594,594,0.001703220922664021,0.001703220922664021,0.001703220922664021,0.001703220922664021,0.001703220922664021,0.001703220922664021,0.001703220922664021,0.001703220922664021,0.001703220922664021,0.001703220922664021,0.001703220922664021,0.001703220922664021
48,Assin South,ASSIN SOUTH,1314,1314,1314,1314,1314,1314,1314,1314,1314,1314,1314,1314,0.0037677311319537434,0.0037677311319537434,0.0037677311319537434,0.0037677311319537434,0.0037677311319537434,0.0037677311319537434,0.0037677311319537434,0.0037677311319537434,0.0037677311319537434,0.0037677311319537434,0.0037677311319537434,0.0037677311319537434
49,Asunafo North,ASUNAFO NORTH MUNICIPAL,2399,2399,2399,2399,2399,2399,2399,2399,2399,2399,2399,2399,0.006878833322341728,0.006878833322341728,0.006878833322341728,0.006878833322341728,0.006878833322341728,0.006878833322341728,0.006878833322341728,0.006878833322341728,0.006878833322341728,0.006878833322341728,0.006878833322341728,0.006878833322341728
50,Asunafo South,ASUNAFO SOUTH,1815,1815,1815,1815,1815,1815,1815,1815,1815,1815,1815,1815,0.005204286152584509,0.005204286152584509,0.005204286152584509,0.005204286152584509,0.005204286152584509,0.005204286152584509,0.005204286152584509,0.005204286152584509,0.005204286152584509,0.005204286152584509,0.005204286152584509,0.005204286152584509
51,Asuogyaman,ASUOGYAMAN,1986,1986,1986,1986,1986,1986,1986,1986,1986,1986,1986,1986,0.005694607327290818,0.005694607327290818,0.005694607327290818,0.005694607327290818,0.005694607327290818,0.005694607327290818,0.005694607327290818,0.005694607327290818,0.005694607327290818,0.005694607327290818,0.005694607327290818,0.005694607327290818
52,Asutifi North,ASUTIFI NORTH,1662,1662,1662,1662,1662,1662,1662,1662,1662,1662,1662,1662,0.004765577733110443,0.004765577733110443,0.004765577733110443,0.004765577733110443,0.004765577733110443,0.004765577733110443,0.004765577733110443,0.004765577733110443,0.004765577733110443,0.004765577733110443,0.004765577733110443,0.004765577733110443
53,Asutifi South,ASUTIFI SOUTH,904,904,904,904,904,904,904,904,904,904,904,904,0.0025921072627748737,0.0025921072627748737,0.0025921072627748737,0.0025921072627748737,0.0025921072627748737,0.0025921072627748737,0.0025921072627748737,0.0025921072627748737,0.0025921072627748737,0.0025921072627748737,0.0025921072627748737,0.0025921072627748737
54,Atebubu-Amanten,ATEBUBU AMANTIN,1293,1293,1293,1293,1293,1293,1293,1293,1293,1293,1293,1293,0.00370751625084946,0.00370751625084946,0.00370751625084946,0.00370751625084946,0.00370751625084946,0.00370751625084946,0.00370751625084946,0.00370751625084946,0.00370751625084946,0.00370751625084946,0.00370751625084946,0.00370751625084946
55,Atiwa East,ATIWA EAST,6700,6700,6700,6700,6700,6700,6700,6700,6700,6700,6700,6700,0.01921141444755714,0.01921141444755714,0.01921141444755714,0.01921141444755714,0.01921141444755714,0.01921141444755714,0.01921141444755714,0.01921141444755714,0.01921141444755714,0.01921141444755714,0.01921141444755714,0.01921141444755714
56,Atiwa West,ATIWA WEST,1278,1278,1278,1278,1278,1278,1278,1278,1278,1278,1278,1278,0.0036645056214892574,0.0036645056214892574,0.0036645056214892574,0.0036645056214892574,0.0036645056214892574,0.0036645056214892574,0.0036645056214892574,0.0036645056214892574,0.0036645056214892574,0.0036645056214892574,0.0036645056214892574,0.0036645056214892574
57,Atwima Kwanwoma,ATWIMA KWANWOMA,1133,1133,1133,1133,1133,1133,1133,1133,1133,1133,1133,1133,0.003248736204340633,0.003248736204340633,0.003248736204340633,0.003248736204340633,0.003248736204340633,0.003248736204340633,0.003248736204340633,0.003248736204340633,0.003248736204340633,0.003248736204340633,0.003248736204340633,0.003248736204340633
58,Atwima Mponua,ATWIMA MPONUA,1282,1282,1282,1282,1282,1282,1282,1282,1282,1282,1282,1282,0.003675975122651978,0.003675975122651978,0.003675975122651978,0.003675975122651978,0.003675975122651978,0.003675975122651978,0.003675975122651978,0.003675975122651978,0.003675975122651978,0.003675975122651978,0.003675975122651978,0.003675975122651978
59,Atwima Nwabiagya,ATWIMA NWABIAGYA SOUTH,2626,2626,2626,2626,2626,2626,2626,2626,2626,2626,2626,2626,0.007529727513326126,0.007529727513326126,0.007529727513326126,0.007529727513326126,0.007529727513326126,0.007529727513326126,0.007529727513326126,0.007529727513326126,0.007529727513326126,0.007529727513326126,0.007529727513326126,0.007529727513326126
60,Atwima Nwabiagya North,ATWIMA NWABIAGYA NORTH,929,929,929,929,929,929,929,929,929,929,929,929,0.002663791645041878,0.002663791645041878,0.002663791645041878,0.002663791645041878,0.002663791645041878,0.002663791645041878,0.002663791645041878,0.002663791645041878,0.002663791645041878,0.002663791645041878,0.002663791645041878,0.002663791645041878
61,Awutu Senya,AWUTU SENYA WEST,1044,1044,1044,1044,1044,1044,1044,1044,1044,1044,1044,1044,0.0029935398034700977,0.0029935398034700977,0.0029935398034700977,0.0029935398034700977,0.0029935398034700977,0.0029935398034700977,0.0029935398034700977,0.0029935398034700977,0.0029935398034700977,0.0029935398034700977,0.0029935398034700977,0.0029935398034700977
62,Awutu Senya East,AWUTU SENYA EAST,458,458,458,458,458,458,458,458,458,458,458,458,0.001313257883131518,0.001313257883131518,0.001313257883131518,0.001313257883131518,0.001313257883131518,0.001313257883131518,0.001313257883131518,0.001313257883131518,0.001313257883131518,0.001313257883131518,0.001313257883131518,0.001313257883131518
63,Ayawaso Central,AYAWASO CENTRAL MUNICIPAL,62,62,62,62,62,62,62,62,62,62,62,62,0.00017777726802217054,0.00017777726802217054,0.00017777726802217054,0.00017777726802217054,0.00017777726802217054,0.00017777726802217054,0.00017777726802217054,0.00017777726802217054,0.00017777726802217054,0.00017777726802217054,0.00017777726802217054,0.00017777726802217054
64,Ayawaso East,AYAWASO EAST MUNICIPAL,229,229,229,229,229,229,229,229,229,229,229,229,0.000656628941565759,0.000656628941565759,0.000656628941565759,0.000656628941565759,0.000656628941565759,0.000656628941565759,0.000656628941565759,0.000656628941565759,0.000656628941565759,0.000656628941565759,0.000656628941565759,0.000656628941565759
65,Ayawaso North,AYAWASO NORTH MUNICIPAL,184,184,184,184,184,184,184,184,184,184,184,184,0.0005275970534851513,0.0005275970534851513,0.0005275970534851513,0.0005275970534851513,0.0005275970534851513,0.0005275970534851513,0.0005275970534851513,0.0005275970534851513,0.0005275970534851513,0.0005275970534851513,0.0005275970534851513,0.0005275970534851513
67,Ayensuano,AYENSUANO,532,532,532,532,532,532,532,532,532,532,532,532,0.0015254436546418505,0.0015254436546418505,0.0015254436546418505,0.0015254436546418505,0.0015254436546418505,0.0015254436546418505,0.0015254436546418505,0.0015254436546418505,0.0015254436546418505,0.0015254436546418505,0.0015254436546418505,0.0015254436546418505
68,Banda,BANDA,1140,1140,1140,1140,1140,1140,1140,1140,1140,1140,1140,1140,0.0032688078313753938,0.0032688078313753938,0.0032688078313753938,0.0032688078313753938,0.0032688078313753938,0.0032688078313753938,0.0032688078313753938,0.0032688078313753938,0.0032688078313753938,0.0032688078313753938,0.0032688078313753938,0.0032688078313753938
69,Bawku Municipal,BAWKU MUNICIPAL,2188,2188,2188,2188,2188,2188,2188,2188,2188,2188,2188,2188,0.006273817136008212,0.006273817136008212,0.006273817136008212,0.006273817136008212,0.006273817136008212,0.006273817136008212,0.006273817136008212,0.006273817136008212,0.006273817136008212,0.006273817136008212,0.006273817136008212,0.006273817136008212
70,Bawku West,BAWKU WEST,1399,1399,1399,1399,1399,1399,1399,1399,1399,1399,1399,1399,0.004011458031661558,0.004011458031661558,0.004011458031661558,0.004011458031661558,0.004011458031661558,0.004011458031661558,0.004011458031661558,0.004011458031661558,0.004011458031661558,0.004011458031661558,0.004011458031661558,0.004011458031661558
71,Bekwai,BEKWAI MUNICIPAL,1753,1753,1753,1753,1753,1753,1753,1753,1753,1753,1753,1753,0.005026508884562338,0.005026508884562338,0.005026508884562338,0.005026508884562338,0.005026508884562338,0.005026508884562338,0.005026508884562338,0.005026508884562338,0.005026508884562338,0.005026508884562338,0.005026508884562338,0.005026508884562338
72,Berekum,BEREKUM EAST MUNICIPAL,1341,1341,1341,1341,1341,1341,1341,1341,1341,1341,1341,1341,0.003845150264802108,0.003845150264802108,0.003845150264802108,0.003845150264802108,0.003845150264802108,0.003845150264802108,0.003845150264802108,0.003845150264802108,0.003845150264802108,0.003845150264802108,0.003845150264802108,0.003845150264802108
73,Berekum West,BEREKUM WEST,370,370,370,370,370,370,370,370,370,370,370,370,0.001060928857551663,0.001060928857551663,0.001060928857551663,0.001060928857551663,0.001060928857551663,0.001060928857551663,0.001060928857551663,0.001060928857551663,0.001060928857551663,0.001060928857551663,0.001060928857551663,0.001060928857551663
74,Bia East,BIA EAST,316,316,316,316,316,316,316,316,316,316,316,316,0.0009060905918549338,0.0009060905918549338,0.0009060905918549338,0.0009060905918549338,0.0009060905918549338,0.0009060905918549338,0.0009060905918549338,0.0009060905918549338,0.0009060905918549338,0.0009060905918549338,0.0009060905918549338,0.0009060905918549338
75,Bia West,BIA WEST,1626,1626,1626,1626,1626,1626,1626,1626,1626,1626,1626,1626,0.004662352222645956,0.004662352222645956,0.004662352222645956,0.004662352222645956,0.004662352222645956,0.004662352222645956,0.004662352222645956,0.004662352222645956,0.004662352222645956,0.004662352222645956,0.004662352222645956,0.004662352222645956
76,Biakoye,BIAKOYE,852,852,852,852,852,852,852,852,852,852,852,852,0.002443003747659505,0.002443003747659505,0.002443003747659505,0.002443003747659505,0.002443003747659505,0.002443003747659505,0.002443003747659505,0.002443003747659505,0.002443003747659505,0.002443003747659505,0.002443003747659505,0.002443003747659505
77,Bibiani-Anhwiaso-Bekwai,BIBIANI-ANHWIASO-BEKWAI MUNICIPAL,2930,2930,2930,2930,2930,2930,2930,2930,2930,2930,2930,2930,0.008401409601692899,0.008401409601692899,0.008401409601692899,0.008401409601692899,0.008401409601692899,0.008401409601692899,0.008401409601692899,0.008401409601692899,0.008401409601692899,0.008401409601692899,0.008401409601692899,0.008401409601692899
78,Binduri,BINDURI,832,832,832,832,832,832,832,832,832,832,832,832,0.0023856562418459017,0.0023856562418459017,0.0023856562418459017,0.0023856562418459017,0.0023856562418459017,0.0023856562418459017,0.0023856562418459017,0.0023856562418459017,0.0023856562418459017,0.0023856562418459017,0.0023856562418459017,0.0023856562418459017
79,Birim Central,BIRIM CENTRAL MUNICIPAL,2648,2648,2648,2648,2648,2648,2648,2648,2648,2648,2648,2648,0.0075928097697210905,0.0075928097697210905,0.0075928097697210905,0.0075928097697210905,0.0075928097697210905,0.0075928097697210905,0.0075928097697210905,0.0075928097697210905,0.0075928097697210905,0.0075928097697210905,0.0075928097697210905,0.0075928097697210905
80,Birim North,BIRIM NORTH,2482,2482,2482,2482,2482,2482,2482,2482,2482,2482,2482,2482,0.0071168254714681824,0.0071168254714681824,0.0071168254714681824,0.0071168254714681824,0.0071168254714681824,0.0071168254714681824,0.0071168254714681824,0.0071168254714681824,0.0071168254714681824,0.0071168254714681824,0.0071168254714681824,0.0071168254714681824
81,Birim South,BIRIM SOUTH,815,815,815,815,815,815,815,815,815,815,815,815,0.0023369108619043385,0.0023369108619043385,0.0023369108619043385,0.0023369108619043385,0.0023369108619043385,0.0023369108619043385,0.0023369108619043385,0.0023369108619043385,0.0023369108619043385,0.0023369108619043385,0.0023369108619043385,0.0023369108619043385
82,Bodi,BODI,508,508,508,508,508,508,508,508,508,508,508,508,0.0014566266476655264,0.0014566266476655264,0.0014566266476655264,0.0014566266476655264,0.0014566266476655264,0.0014566266476655264,0.0014566266476655264,0.0014566266476655264,0.0014566266476655264,0.0014566266476655264,0.0014566266476655264,0.0014566266476655264
83,Bole,BOLE,1550,1550,1550,1550,1550,1550,1550,1550,1550,1550,1550,1550,0.0044444317005542635,0.0044444317005542635,0.0044444317005542635,0.0044444317005542635,0.0044444317005542635,0.0044444317005542635,0.0044444317005542635,0.0044444317005542635,0.0044444317005542635,0.0044444317005542635,0.0044444317005542635,0.0044444317005542635
84,Bolgatanga East,BOLGA  EAST,272,272,272,272,272,272,272,272,272,272,272,272,0.0007799260790650063,0.0007799260790650063,0.0007799260790650063,0.0007799260790650063,0.0007799260790650063,0.0007799260790650063,0.0007799260790650063,0.0007799260790650063,0.0007799260790650063,0.0007799260790650063,0.0007799260790650063,0.0007799260790650063
85,Bolgatanga Municipal,BOLGATANGA MUNICIPAL,2693,2693,2693,2693,2693,2693,2693,2693,2693,2693,2693,2693,0.007721841657801698,0.007721841657801698,0.007721841657801698,0.007721841657801698,0.007721841657801698,0.007721841657801698,0.007721841657801698,0.007721841657801698,0.007721841657801698,0.007721841657801698,0.007721841657801698,0.007721841657801698
86,Bongo,BONGO,1477,1477,1477,1477,1477,1477,1477,1477,1477,1477,1477,1477,0.004235113304334611,0.004235113304334611,0.004235113304334611,0.004235113304334611,0.004235113304334611,0.004235113304334611,0.004235113304334611,0.004235113304334611,0.004235113304334611,0.004235113304334611,0.004235113304334611,0.004235113304334611
87,Bosome Freho,BOSOME FREHO,686,686,686,686,686,686,686,686,686,686,686,686,0.0019670194494065965,0.0019670194494065965,0.0019670194494065965,0.0019670194494065965,0.0019670194494065965,0.0019670194494065965,0.0019670194494065965,0.0019670194494065965,0.0019670194494065965,0.0019670194494065965,0.0019670194494065965,0.0019670194494065965
88,Bosomtwe,BOSOMTWE,1372,1372,1372,1372,1372,1372,1372,1372,1372,1372,1372,1372,0.003934038898813193,0.003934038898813193,0.003934038898813193,0.003934038898813193,0.003934038898813193,0.003934038898813193,0.003934038898813193,0.003934038898813193,0.003934038898813193,0.003934038898813193,0.003934038898813193,0.003934038898813193
89,Builsa North,BUILSA NORTH,979,979,979,979,979,979,979,979,979,979,979,979,0.0028071604095758866,0.0028071604095758866,0.0028071604095758866,0.0028071604095758866,0.0028071604095758866,0.0028071604095758866,0.0028071604095758866,0.0028071604095758866,0.0028071604095758866,0.0028071604095758866,0.0028071604095758866,0.0028071604095758866
90,Builsa South,BUILSA SOUTH,294,294,294,294,294,294,294,294,294,294,294,294,0.00084300833545997,0.00084300833545997,0.00084300833545997,0.00084300833545997,0.00084300833545997,0.00084300833545997,0.00084300833545997,0.00084300833545997,0.00084300833545997,0.00084300833545997,0.00084300833545997,0.00084300833545997
91,Bunkpurugu -Nakpanduri,BUNKPURUGU NAKPANDURI,1816,1816,1816,1816,1816,1816,1816,1816,1816,1816,1816,1816,0.005207153527875189,0.005207153527875189,0.005207153527875189,0.005207153527875189,0.005207153527875189,0.005207153527875189,0.005207153527875189,0.005207153527875189,0.005207153527875189,0.005207153527875189,0.005207153527875189,0.005207153527875189
92,Cape Coast,CAPE COAST METROPOLITAN,2519,2519,2519,2519,2519,2519,2519,2519,2519,2519,2519,2519,0.007222918357223348,0.007222918357223348,0.007222918357223348,0.007222918357223348,0.007222918357223348,0.007222918357223348,0.007222918357223348,0.007222918357223348,0.007222918357223348,0.007222918357223348,0.007222918357223348,0.007222918357223348
93,Central Gonja,CENTRAL GONJA,1236,1236,1236,1236,1236,1236,1236,1236,1236,1236,1236,1236,0.0035440758592806903,0.0035440758592806903,0.0035440758592806903,0.0035440758592806903,0.0035440758592806903,0.0035440758592806903,0.0035440758592806903,0.0035440758592806903,0.0035440758592806903,0.0035440758592806903,0.0035440758592806903,0.0035440758592806903
94,Central Tongu,CENTRAL TONGU,1177,1177,1177,1177,1177,1177,1177,1177,1177,1177,1177,1177,0.0033749007171305604,0.0033749007171305604,0.0033749007171305604,0.0033749007171305604,0.0033749007171305604,0.0033749007171305604,0.0033749007171305604,0.0033749007171305604,0.0033749007171305604,0.0033749007171305604,0.0033749007171305604,0.0033749007171305604
95,Chereponi,CHEREPONI,34,34,34,34,34,34,34,34,34,34,34,34,9.749075988312579e-05,9.749075988312579e-05,9.749075988312579e-05,9.749075988312579e-05,9.749075988312579e-05,9.749075988312579e-05,9.749075988312579e-05,9.749075988312579e-05,9.749075988312579e-05,9.749075988312579e-05,9.749075988312579e-05,9.749075988312579e-05
96,Daffiama-Bussie-Issa,DAFFIAMA BUSSIE ISSA,548,548,548,548,548,548,548,548,548,548,548,548,0.0015713216592927331,0.0015713216592927331,0.0015713216592927331,0.0015713216592927331,0.0015713216592927331,0.0015713216592927331,0.0015713216592927331,0.0015713216592927331,0.0015713216592927331,0.0015713216592927331,0.0015713216592927331,0.0015713216592927331
97,Denkyembour,DENKYEMBOUR,1891,1891,1891,1891,1891,1891,1891,1891,1891,1891,1891,1891,0.005422206674676202,0.005422206674676202,0.005422206674676202,0.005422206674676202,0.005422206674676202,0.005422206674676202,0.005422206674676202,0.005422206674676202,0.005422206674676202,0.005422206674676202,0.005422206674676202,0.005422206674676202
98,Dormaa East,DORMAA EAST,1528,1528,1528,1528,1528,1528,1528,1528,1528,1528,1528,1528,0.0043813494441593,0.0043813494441593,0.0043813494441593,0.0043813494441593,0.0043813494441593,0.0043813494441593,0.0043813494441593,0.0043813494441593,0.0043813494441593,0.0043813494441593,0.0043813494441593,0.0043813494441593
99,Dormaa Municipal,DORMAA MUNICIPAL,1162,1162,1162,1162,1162,1162,1162,1162,1162,1162,1162,1162,0.0033318900877703575,0.0033318900877703575,0.0033318900877703575,0.0033318900877703575,0.0033318900877703575,0.0033318900877703575,0.0033318900877703575,0.0033318900877703575,0.0033318900877703575,0.0033318900877703575,0.0033318900877703575,0.0033318900877703575
100,Dormaa West,DORMAA WEST,729,729,729,729,729,729,729,729,729,729,729,729,0.002090316586905844,0.002090316586905844,0.002090316586905844,0.002090316586905844,0.002090316586905844,0.002090316586905844,0.002090316586905844,0.002090316586905844,0.002090316586905844,0.002090316586905844,0.002090316586905844,0.002090316586905844
101,East Akim - Abuakwa South,ABUAKWA SOUTH MUNICIPAL,1201,1201,1201,1201,1201,1201,1201,1201,1201,1201,1201,1201,0.0034437177241068845,0.0034437177241068845,0.0034437177241068845,0.0034437177241068845,0.0034437177241068845,0.0034437177241068845,0.0034437177241068845,0.0034437177241068845,0.0034437177241068845,0.0034437177241068845,0.0034437177241068845,0.0034437177241068845
102,East Gonja,EAST GONJA MUNICIPAL,351,351,351,351,351,351,351,351,351,351,351,351,0.0010064487270287398,0.0010064487270287398,0.0010064487270287398,0.0010064487270287398,0.0010064487270287398,0.0010064487270287398,0.0010064487270287398,0.0010064487270287398,0.0010064487270287398,0.0010064487270287398,0.0010064487270287398,0.0010064487270287398
103,East Mamprusi,EAST MAMPRUSI,1497,1497,1497,1497,1497,1497,1497,1497,1497,1497,1497,1497,0.004292460810148215,0.004292460810148215,0.004292460810148215,0.004292460810148215,0.004292460810148215,0.004292460810148215,0.004292460810148215,0.004292460810148215,0.004292460810148215,0.004292460810148215,0.004292460810148215,0.004292460810148215
104,Effia-Kwesimintsim,EFFIA KWESIMINTSIM MUNICIPAL,1366,1366,1366,1366,1366,1366,1366,1366,1366,1366,1366,1366,0.003916834647069112,0.003916834647069112,0.003916834647069112,0.003916834647069112,0.003916834647069112,0.003916834647069112,0.003916834647069112,0.003916834647069112,0.003916834647069112,0.003916834647069112,0.003916834647069112,0.003916834647069112
105,Efutu,EFFUTU MUNICIPAL,1846,1846,1846,1846,1846,1846,1846,1846,1846,1846,1846,1846,0.005293174786595594,0.005293174786595594,0.005293174786595594,0.005293174786595594,0.005293174786595594,0.005293174786595594,0.005293174786595594,0.005293174786595594,0.005293174786595594,0.005293174786595594,0.005293174786595594,0.005293174786595594
106,Ejisu,EJISU MUNICIPAL,1562,1562,1562,1562,1562,1562,1562,1562,1562,1562,1562,1562,0.004478840204042426,0.004478840204042426,0.004478840204042426,0.004478840204042426,0.004478840204042426,0.004478840204042426,0.004478840204042426,0.004478840204042426,0.004478840204042426,0.004478840204042426,0.004478840204042426,0.004478840204042426
107,Ejura-Sekyedumase,EJURA-SEKYEDUMASE,839,839,839,839,839,839,839,839,839,839,839,839,0.0024057278688806626,0.0024057278688806626,0.0024057278688806626,0.0024057278688806626,0.0024057278688806626,0.0024057278688806626,0.0024057278688806626,0.0024057278688806626,0.0024057278688806626,0.0024057278688806626,0.0024057278688806626,0.0024057278688806626
108,Ekumfi,EKUMFI,533,533,533,533,533,533,533,533,533,533,533,533,0.0015283110299325307,0.0015283110299325307,0.0015283110299325307,0.0015283110299325307,0.0015283110299325307,0.0015283110299325307,0.0015283110299325307,0.0015283110299325307,0.0015283110299325307,0.0015283110299325307,0.0015283110299325307,0.0015283110299325307
109,Ellembelle,ELLEMBELLE,3324,3324,3324,3324,3324,3324,3324,3324,3324,3324,3324,3324,0.009531155466220886,0.009531155466220886,0.009531155466220886,0.009531155466220886,0.009531155466220886,0.009531155466220886,0.009531155466220886,0.009531155466220886,0.009531155466220886,0.009531155466220886,0.009531155466220886,0.009531155466220886
110,Fanteakwa North,FANTEAKWA NORTH,923,923,923,923,923,923,923,923,923,923,923,923,0.002646587393297797,0.002646587393297797,0.002646587393297797,0.002646587393297797,0.002646587393297797,0.002646587393297797,0.002646587393297797,0.002646587393297797,0.002646587393297797,0.002646587393297797,0.002646587393297797,0.002646587393297797
111,Fanteakwa South,FANTEAKWA SOUTH,698,698,698,698,698,698,698,698,698,698,698,698,0.002001427952894759,0.002001427952894759,0.002001427952894759,0.002001427952894759,0.002001427952894759,0.002001427952894759,0.002001427952894759,0.002001427952894759,0.002001427952894759,0.002001427952894759,0.002001427952894759,0.002001427952894759
112,Ga Central,GA CENTRAL MUNICIPAL,185,185,185,185,185,185,185,185,185,185,185,185,0.0005304644287758315,0.0005304644287758315,0.0005304644287758315,0.0005304644287758315,0.0005304644287758315,0.0005304644287758315,0.0005304644287758315,0.0005304644287758315,0.0005304644287758315,0.0005304644287758315,0.0005304644287758315,0.0005304644287758315
113,Ga East,GA EAST,299,299,299,299,299,299,299,299,299,299,299,299,0.0008573452119133709,0.0008573452119133709,0.0008573452119133709,0.0008573452119133709,0.0008573452119133709,0.0008573452119133709,0.0008573452119133709,0.0008573452119133709,0.0008573452119133709,0.0008573452119133709,0.0008573452119133709,0.0008573452119133709
114,Ga North,GA NORTH MUNICIPAL,509,509,509,509,509,509,509,509,509,509,509,509,0.0014594940229562066,0.0014594940229562066,0.0014594940229562066,0.0014594940229562066,0.0014594940229562066,0.0014594940229562066,0.0014594940229562066,0.0014594940229562066,0.0014594940229562066,0.0014594940229562066,0.0014594940229562066,0.0014594940229562066
115,Ga South,GA SOUTH MUNICIPAL,431,431,431,431,431,431,431,431,431,431,431,431,0.0012358387502831533,0.0012358387502831533,0.0012358387502831533,0.0012358387502831533,0.0012358387502831533,0.0012358387502831533,0.0012358387502831533,0.0012358387502831533,0.0012358387502831533,0.0012358387502831533,0.0012358387502831533,0.0012358387502831533
116,Ga West,GA WEST MUNICIPAL,491,491,491,491,491,491,491,491,491,491,491,491,0.0014078812677239636,0.0014078812677239636,0.0014078812677239636,0.0014078812677239636,0.0014078812677239636,0.0014078812677239636,0.0014078812677239636,0.0014078812677239636,0.0014078812677239636,0.0014078812677239636,0.0014078812677239636,0.0014078812677239636
117,Garu,GARU,657,657,657,657,657,657,657,657,657,657,657,657,0.0018838655659768717,0.0018838655659768717,0.0018838655659768717,0.0018838655659768717,0.0018838655659768717,0.0018838655659768717,0.0018838655659768717,0.0018838655659768717,0.0018838655659768717,0.0018838655659768717,0.0018838655659768717,0.0018838655659768717
118,Gomoa Central,GOMOA CENTRAL,413,413,413,413,413,413,413,413,413,413,413,413,0.0011842259950509103,0.0011842259950509103,0.0011842259950509103,0.0011842259950509103,0.0011842259950509103,0.0011842259950509103,0.0011842259950509103,0.0011842259950509103,0.0011842259950509103,0.0011842259950509103,0.0011842259950509103,0.0011842259950509103
119,Gomoa East,GOMOA EAST,774,774,774,774,774,774,774,774,774,774,774,774,0.0022193484749864515,0.0022193484749864515,0.0022193484749864515,0.0022193484749864515,0.0022193484749864515,0.0022193484749864515,0.0022193484749864515,0.0022193484749864515,0.0022193484749864515,0.0022193484749864515,0.0022193484749864515,0.0022193484749864515
120,Gomoa West,GOMOA WEST,932,932,932,932,932,932,932,932,932,932,932,932,0.0026723937709139185,0.0026723937709139185,0.0026723937709139185,0.0026723937709139185,0.0026723937709139185,0.0026723937709139185,0.0026723937709139185,0.0026723937709139185,0.0026723937709139185,0.0026723937709139185,0.0026723937709139185,0.0026723937709139185
121,Gushiegu,GUSHEGU,801,801,801,801,801,801,801,801,801,801,801,801,0.0022967676078348162,0.0022967676078348162,0.0022967676078348162,0.0022967676078348162,0.0022967676078348162,0.0022967676078348162,0.0022967676078348162,0.0022967676078348162,0.0022967676078348162,0.0022967676078348162,0.0022967676078348162,0.0022967676078348162
122,Ho,HO MUNICIPAL,2545,2545,2545,2545,2545,2545,2545,2545,2545,2545,2545,2545,0.007297470114781033,0.007297470114781033,0.007297470114781033,0.007297470114781033,0.007297470114781033,0.007297470114781033,0.007297470114781033,0.007297470114781033,0.007297470114781033,0.007297470114781033,0.007297470114781033,0.007297470114781033
123,Ho West,HO WEST,897,897,897,897,897,897,897,897,897,897,897,897,0.0025720356357401128,0.0025720356357401128,0.0025720356357401128,0.0025720356357401128,0.0025720356357401128,0.0025720356357401128,0.0025720356357401128,0.0025720356357401128,0.0025720356357401128,0.0025720356357401128,0.0025720356357401128,0.0025720356357401128
124,Hohoe,HOHOE MUNICIPAL,1564,1564,1564,1564,1564,1564,1564,1564,1564,1564,1564,1564,0.004484574954623786,0.004484574954623786,0.004484574954623786,0.004484574954623786,0.004484574954623786,0.004484574954623786,0.004484574954623786,0.004484574954623786,0.004484574954623786,0.004484574954623786,0.004484574954623786,0.004484574954623786
125,Jaman North,JAMAN NORTH,2798,2798,2798,2798,2798,2798,2798,2798,2798,2798,2798,2798,0.008022916063323116,0.008022916063323116,0.008022916063323116,0.008022916063323116,0.008022916063323116,0.008022916063323116,0.008022916063323116,0.008022916063323116,0.008022916063323116,0.008022916063323116,0.008022916063323116,0.008022916063323116
126,Jaman South,JAMAN SOUTH MUNICIPAL,2358,2358,2358,2358,2358,2358,2358,2358,2358,2358,2358,2358,0.0067612709354238415,0.0067612709354238415,0.0067612709354238415,0.0067612709354238415,0.0067612709354238415,0.0067612709354238415,0.0067612709354238415,0.0067612709354238415,0.0067612709354238415,0.0067612709354238415,0.0067612709354238415,0.0067612709354238415
127,Jasikan,JASIKAN,957,957,957,957,957,957,957,957,957,957,957,957,0.002744078153180923,0.002744078153180923,0.002744078153180923,0.002744078153180923,0.002744078153180923,0.002744078153180923,0.002744078153180923,0.002744078153180923,0.002744078153180923,0.002744078153180923,0.002744078153180923,0.002744078153180923
128,Jirapa,JIRAPA,1449,1449,1449,1449,1449,1449,1449,1449,1449,1449,1449,1449,0.004154826796195566,0.004154826796195566,0.004154826796195566,0.004154826796195566,0.004154826796195566,0.004154826796195566,0.004154826796195566,0.004154826796195566,0.004154826796195566,0.004154826796195566,0.004154826796195566,0.004154826796195566
129,Jomoro,JOMORO,2300,2300,2300,2300,2300,2300,2300,2300,2300,2300,2300,2300,0.006594963168564391,0.006594963168564391,0.006594963168564391,0.006594963168564391,0.006594963168564391,0.006594963168564391,0.006594963168564391,0.006594963168564391,0.006594963168564391,0.006594963168564391,0.006594963168564391,0.006594963168564391
130,Juaben,JUABEN MUNICIPAL,687,687,687,687,687,687,687,687,687,687,687,687,0.0019698868246972767,0.0019698868246972767,0.0019698868246972767,0.0019698868246972767,0.0019698868246972767,0.0019698868246972767,0.0019698868246972767,0.0019698868246972767,0.0019698868246972767,0.0019698868246972767,0.0019698868246972767,0.0019698868246972767
131,Juaboso,JUABOSO,712,712,712,712,712,712,712,712,712,712,712,712,0.002041571206964281,0.002041571206964281,0.002041571206964281,0.002041571206964281,0.002041571206964281,0.002041571206964281,0.002041571206964281,0.002041571206964281,0.002041571206964281,0.002041571206964281,0.002041571206964281,0.002041571206964281
132,Kadjebi,KADJEBI,869,869,869,869,869,869,869,869,869,869,869,869,0.002491749127601068,0.002491749127601068,0.002491749127601068,0.002491749127601068,0.002491749127601068,0.002491749127601068,0.002491749127601068,0.002491749127601068,0.002491749127601068,0.002491749127601068,0.002491749127601068,0.002491749127601068
133,Karaga,KARAGA,572,572,572,572,572,572,572,572,572,572,572,572,0.0016401386662690573,0.0016401386662690573,0.0016401386662690573,0.0016401386662690573,0.0016401386662690573,0.0016401386662690573,0.0016401386662690573,0.0016401386662690573,0.0016401386662690573,0.0016401386662690573,0.0016401386662690573,0.0016401386662690573
134,Kasena-Nankana,KASENA NANKANA EAST,1624,1624,1624,1624,1624,1624,1624,1624,1624,1624,1624,1624,0.004656617472064597,0.004656617472064597,0.004656617472064597,0.004656617472064597,0.004656617472064597,0.004656617472064597,0.004656617472064597,0.004656617472064597,0.004656617472064597,0.004656617472064597,0.004656617472064597,0.004656617472064597
135,Kasena-Nankana West,KASENA NANKANA WEST,1514,1514,1514,1514,1514,1514,1514,1514,1514,1514,1514,1514,0.0043412061900897775,0.0043412061900897775,0.0043412061900897775,0.0043412061900897775,0.0043412061900897775,0.0043412061900897775,0.0043412061900897775,0.0043412061900897775,0.0043412061900897775,0.0043412061900897775,0.0043412061900897775,0.0043412061900897775
136,Keta,KETA MUNICIPAL,1265,1265,1265,1265,1265,1265,1265,1265,1265,1265,1265,1265,0.0036272297427104153,0.0036272297427104153,0.0036272297427104153,0.0036272297427104153,0.0036272297427104153,0.0036272297427104153,0.0036272297427104153,0.0036272297427104153,0.0036272297427104153,0.0036272297427104153,0.0036272297427104153,0.0036272297427104153
137,Ketu North,KETU NORTH,1677,1677,1677,1677,1677,1677,1677,1677,1677,1677,1677,1677,0.0048085883624706454,0.0048085883624706454,0.0048085883624706454,0.0048085883624706454,0.0048085883624706454,0.0048085883624706454,0.0048085883624706454,0.0048085883624706454,0.0048085883624706454,0.0048085883624706454,0.0048085883624706454,0.0048085883624706454
138,Ketu South,KETU SOUTH,1148,1148,1148,1148,1148,1148,1148,1148,1148,1148,1148,1148,0.0032917468337008353,0.0032917468337008353,0.0032917468337008353,0.0032917468337008353,0.0032917468337008353,0.0032917468337008353,0.0032917468337008353,0.0032917468337008353,0.0032917468337008353,0.0032917468337008353,0.0032917468337008353,0.0032917468337008353
139,Kintampo North,KINTAMPO NORTH MUNICIPAL,2570,2570,2570,2570,2570,2570,2570,2570,2570,2570,2570,2570,0.007369154497048037,0.007369154497048037,0.007369154497048037,0.007369154497048037,0.007369154497048037,0.007369154497048037,0.007369154497048037,0.007369154497048037,0.007369154497048037,0.007369154497048037,0.007369154497048037,0.007369154497048037
140,Kintampo South,KINTAMPO SOUTH,1251,1251,1251,1251,1251,1251,1251,1251,1251,1251,1251,1251,0.0035870864886408927,0.0035870864886408927,0.0035870864886408927,0.0035870864886408927,0.0035870864886408927,0.0035870864886408927,0.0035870864886408927,0.0035870864886408927,0.0035870864886408927,0.0035870864886408927,0.0035870864886408927,0.0035870864886408927
141,Komenda-Edna-Eguafo-Abirem,KOMENDA-EDINA-EGUAFO-ABIREM MUNICIPAL,1459,1459,1459,1459,1459,1459,1459,1459,1459,1459,1459,1459,0.004183500549102368,0.004183500549102368,0.004183500549102368,0.004183500549102368,0.004183500549102368,0.004183500549102368,0.004183500549102368,0.004183500549102368,0.004183500549102368,0.004183500549102368,0.004183500549102368,0.004183500549102368
142,Korle-Klottey,KORLE KLOTTEY MUNICIPAL,389,389,389,389,389,389,389,389,389,389,389,389,0.0011154089880745862,0.0011154089880745862,0.0011154089880745862,0.0011154089880745862,0.0011154089880745862,0.0011154089880745862,0.0011154089880745862,0.0011154089880745862,0.0011154089880745862,0.0011154089880745862,0.0011154089880745862,0.0011154089880745862
143,Kpandai,KPANDAI,930,930,930,930,930,930,930,930,930,930,930,930,0.002666659020332558,0.002666659020332558,0.002666659020332558,0.002666659020332558,0.002666659020332558,0.002666659020332558,0.002666659020332558,0.002666659020332558,0.002666659020332558,0.002666659020332558,0.002666659020332558,0.002666659020332558
144,Kpando,KPANDO MUNICIPAL,1013,1013,1013,1013,1013,1013,1013,1013,1013,1013,1013,1013,0.002904651169459012,0.002904651169459012,0.002904651169459012,0.002904651169459012,0.002904651169459012,0.002904651169459012,0.002904651169459012,0.002904651169459012,0.002904651169459012,0.002904651169459012,0.002904651169459012,0.002904651169459012
145,Kpone-Katamanso,KPONE KATAMANSO,1432,1432,1432,1432,1432,1432,1432,1432,1432,1432,1432,1432,0.004106081416254004,0.004106081416254004,0.004106081416254004,0.004106081416254004,0.004106081416254004,0.004106081416254004,0.004106081416254004,0.004106081416254004,0.004106081416254004,0.004106081416254004,0.004106081416254004,0.004106081416254004
146,Krachi East,KRACHI EAST MUNICIPAL,724,724,724,724,724,724,724,724,724,724,724,724,0.0020759797104524433,0.0020759797104524433,0.0020759797104524433,0.0020759797104524433,0.0020759797104524433,0.0020759797104524433,0.0020759797104524433,0.0020759797104524433,0.0020759797104524433,0.0020759797104524433,0.0020759797104524433,0.0020759797104524433
147,Krachi Nchumuru,KRACHI NCHUMURU,335,335,335,335,335,335,335,335,335,335,335,335,0.000960570722377857,0.000960570722377857,0.000960570722377857,0.000960570722377857,0.000960570722377857,0.000960570722377857,0.000960570722377857,0.000960570722377857,0.000960570722377857,0.000960570722377857,0.000960570722377857,0.000960570722377857
148,Krachi West,KRACHI WEST,735,735,735,735,735,735,735,735,735,735,735,735,0.002107520838649925,0.002107520838649925,0.002107520838649925,0.002107520838649925,0.002107520838649925,0.002107520838649925,0.002107520838649925,0.002107520838649925,0.002107520838649925,0.002107520838649925,0.002107520838649925,0.002107520838649925
149,Krowor,KROWOR MUNICIPAL,431,431,431,431,431,431,431,431,431,431,431,431,0.0012358387502831533,0.0012358387502831533,0.0012358387502831533,0.0012358387502831533,0.0012358387502831533,0.0012358387502831533,0.0012358387502831533,0.0012358387502831533,0.0012358387502831533,0.0012358387502831533,0.0012358387502831533,0.0012358387502831533
150,Kumasi,KUMASI METROPOLITAN,3849,3849,3849,3849,3849,3849,3849,3849,3849,3849,3849,3849,0.011036527493827974,0.011036527493827974,0.011036527493827974,0.011036527493827974,0.011036527493827974,0.011036527493827974,0.011036527493827974,0.011036527493827974,0.011036527493827974,0.011036527493827974,0.011036527493827974,0.011036527493827974
151,Kumbungu,KUMBUNGU,644,644,644,644,644,644,644,644,644,644,644,644,0.0018465896871980296,0.0018465896871980296,0.0018465896871980296,0.0018465896871980296,0.0018465896871980296,0.0018465896871980296,0.0018465896871980296,0.0018465896871980296,0.0018465896871980296,0.0018465896871980296,0.0018465896871980296,0.0018465896871980296
152,Kwabre East,KWABRE EAST,565,565,565,565,565,565,565,565,565,565,565,565,0.0016200670392342961,0.0016200670392342961,0.0016200670392342961,0.0016200670392342961,0.0016200670392342961,0.0016200670392342961,0.0016200670392342961,0.0016200670392342961,0.0016200670392342961,0.0016200670392342961,0.0016200670392342961,0.0016200670392342961
153,Kwadaso,KWADASO MUNICIPAL,1319,1319,1319,1319,1319,1319,1319,1319,1319,1319,1319,1319,0.0037820680084071443,0.0037820680084071443,0.0037820680084071443,0.0037820680084071443,0.0037820680084071443,0.0037820680084071443,0.0037820680084071443,0.0037820680084071443,0.0037820680084071443,0.0037820680084071443,0.0037820680084071443,0.0037820680084071443
154,Kwaebibirem,KWAEBIBIREM,2238,2238,2238,2238,2238,2238,2238,2238,2238,2238,2238,2238,0.00641718590054222,0.00641718590054222,0.00641718590054222,0.00641718590054222,0.00641718590054222,0.00641718590054222,0.00641718590054222,0.00641718590054222,0.00641718590054222,0.00641718590054222,0.00641718590054222,0.00641718590054222
155,Kwahu East,KWAHU EAST,851,851,851,851,851,851,851,851,851,851,851,851,0.002440136372368825,0.002440136372368825,0.002440136372368825,0.002440136372368825,0.002440136372368825,0.002440136372368825,0.002440136372368825,0.002440136372368825,0.002440136372368825,0.002440136372368825,0.002440136372368825,0.002440136372368825
156,Kwahu North,KWAHU NORTH,596,596,596,596,596,596,596,596,596,596,596,596,0.0017089556732453814,0.0017089556732453814,0.0017089556732453814,0.0017089556732453814,0.0017089556732453814,0.0017089556732453814,0.0017089556732453814,0.0017089556732453814,0.0017089556732453814,0.0017089556732453814,0.0017089556732453814,0.0017089556732453814
157,Kwahu South,KWAHU SOUTH,1533,1533,1533,1533,1533,1533,1533,1533,1533,1533,1533,1533,0.004395686320612701,0.004395686320612701,0.004395686320612701,0.004395686320612701,0.004395686320612701,0.004395686320612701,0.004395686320612701,0.004395686320612701,0.004395686320612701,0.004395686320612701,0.004395686320612701,0.004395686320612701
158,Kwahu West,KWAHU WEST MUNICIPAL,1518,1518,1518,1518,1518,1518,1518,1518,1518,1518,1518,1518,0.004352675691252498,0.004352675691252498,0.004352675691252498,0.004352675691252498,0.004352675691252498,0.004352675691252498,0.004352675691252498,0.004352675691252498,0.004352675691252498,0.004352675691252498,0.004352675691252498,0.004352675691252498
159,La-Dade-Kotopon,LA DADE-KOTOPON,1061,1061,1061,1061,1061,1061,1061,1061,1061,1061,1061,1061,0.0030422851834116605,0.0030422851834116605,0.0030422851834116605,0.0030422851834116605,0.0030422851834116605,0.0030422851834116605,0.0030422851834116605,0.0030422851834116605,0.0030422851834116605,0.0030422851834116605,0.0030422851834116605,0.0030422851834116605
160,La-Nkwantanang-Madina,LA-NKWANTANANG-MADINA,1614,1614,1614,1614,1614,1614,1614,1614,1614,1614,1614,1614,0.004627943719157795,0.004627943719157795,0.004627943719157795,0.004627943719157795,0.004627943719157795,0.004627943719157795,0.004627943719157795,0.004627943719157795,0.004627943719157795,0.004627943719157795,0.004627943719157795,0.004627943719157795
161,Lambussie,LAMBUSSIE-KARNI,1114,1114,1114,1114,1114,1114,1114,1114,1114,1114,1114,1114,0.0031942560738177097,0.0031942560738177097,0.0031942560738177097,0.0031942560738177097,0.0031942560738177097,0.0031942560738177097,0.0031942560738177097,0.0031942560738177097,0.0031942560738177097,0.0031942560738177097,0.0031942560738177097,0.0031942560738177097
162,Lawra,LAWRA,983,983,983,983,983,983,983,983,983,983,983,983,0.0028186299107386074,0.0028186299107386074,0.0028186299107386074,0.0028186299107386074,0.0028186299107386074,0.0028186299107386074,0.0028186299107386074,0.0028186299107386074,0.0028186299107386074,0.0028186299107386074,0.0028186299107386074,0.0028186299107386074
163,Ledzokuku,LEDZOKUKU MUNICIPAL,360,360,360,360,360,360,360,360,360,360,360,360,0.0010322551046448613,0.0010322551046448613,0.0010322551046448613,0.0010322551046448613,0.0010322551046448613,0.0010322551046448613,0.0010322551046448613,0.0010322551046448613,0.0010322551046448613,0.0010322551046448613,0.0010322551046448613,0.0010322551046448613
164,Lower-Manya Krobo,LOWER MANYA KROBO,1924,1924,1924,1924,1924,1924,1924,1924,1924,1924,1924,1924,0.005516830059268648,0.005516830059268648,0.005516830059268648,0.005516830059268648,0.005516830059268648,0.005516830059268648,0.005516830059268648,0.005516830059268648,0.005516830059268648,0.005516830059268648,0.005516830059268648,0.005516830059268648
165,Mamprugu-Moagduri,MAMPRUGU MOAGDURI,931,931,931,931,931,931,931,931,931,931,931,931,0.0026695263956232384,0.0026695263956232384,0.0026695263956232384,0.0026695263956232384,0.0026695263956232384,0.0026695263956232384,0.0026695263956232384,0.0026695263956232384,0.0026695263956232384,0.0026695263956232384,0.0026695263956232384,0.0026695263956232384
166,Mfantsiman,MFANTSEMAN MUNICIPAL,1640,1640,1640,1640,1640,1640,1640,1640,1640,1640,1640,1640,0.004702495476715479,0.004702495476715479,0.004702495476715479,0.004702495476715479,0.004702495476715479,0.004702495476715479,0.004702495476715479,0.004702495476715479,0.004702495476715479,0.004702495476715479,0.004702495476715479,0.004702495476715479
167,Mion,MION,611,611,611,611,611,611,611,611,611,611,611,611,0.001751966302605584,0.001751966302605584,0.001751966302605584,0.001751966302605584,0.001751966302605584,0.001751966302605584,0.001751966302605584,0.001751966302605584,0.001751966302605584,0.001751966302605584,0.001751966302605584,0.001751966302605584
168,Mpohor,MPOHOR,552,552,552,552,552,552,552,552,552,552,552,552,0.0015827911604554539,0.0015827911604554539,0.0015827911604554539,0.0015827911604554539,0.0015827911604554539,0.0015827911604554539,0.0015827911604554539,0.0015827911604554539,0.0015827911604554539,0.0015827911604554539,0.0015827911604554539,0.0015827911604554539
169,Nabdam,NABDAM,1552,1552,1552,1552,1552,1552,1552,1552,1552,1552,1552,1552,0.004450166451135624,0.004450166451135624,0.004450166451135624,0.004450166451135624,0.004450166451135624,0.004450166451135624,0.004450166451135624,0.004450166451135624,0.004450166451135624,0.004450166451135624,0.004450166451135624,0.004450166451135624
170,Nadowli-Kaleo,NADOWLI-KALEO,1255,1255,1255,1255,1255,1255,1255,1255,1255,1255,1255,1255,0.0035985559898036134,0.0035985559898036134,0.0035985559898036134,0.0035985559898036134,0.0035985559898036134,0.0035985559898036134,0.0035985559898036134,0.0035985559898036134,0.0035985559898036134,0.0035985559898036134,0.0035985559898036134,0.0035985559898036134
171,Nandom,NANDOM,1068,1068,1068,1068,1068,1068,1068,1068,1068,1068,1068,1068,0.003062356810446422,0.003062356810446422,0.003062356810446422,0.003062356810446422,0.003062356810446422,0.003062356810446422,0.003062356810446422,0.003062356810446422,0.003062356810446422,0.003062356810446422,0.003062356810446422,0.003062356810446422
172,Nanton,NANTON,277,277,277,277,277,277,277,277,277,277,277,277,0.0007942629555184071,0.0007942629555184071,0.0007942629555184071,0.0007942629555184071,0.0007942629555184071,0.0007942629555184071,0.0007942629555184071,0.0007942629555184071,0.0007942629555184071,0.0007942629555184071,0.0007942629555184071,0.0007942629555184071
173,Nanumba North,NANUMBA NORTH,229,229,229,229,229,229,229,229,229,229,229,229,0.000656628941565759,0.000656628941565759,0.000656628941565759,0.000656628941565759,0.000656628941565759,0.000656628941565759,0.000656628941565759,0.000656628941565759,0.000656628941565759,0.000656628941565759,0.000656628941565759,0.000656628941565759
174,Nanumba South,NANUMBA SOUTH,883,883,883,883,883,883,883,883,883,883,883,883,0.00253189238167059,0.00253189238167059,0.00253189238167059,0.00253189238167059,0.00253189238167059,0.00253189238167059,0.00253189238167059,0.00253189238167059,0.00253189238167059,0.00253189238167059,0.00253189238167059,0.00253189238167059
175,New Juaben North,NEW JUABEN NORTH MUNICIPAL,763,763,763,763,763,763,763,763,763,763,763,763,0.00218780734678897,0.00218780734678897,0.00218780734678897,0.00218780734678897,0.00218780734678897,0.00218780734678897,0.00218780734678897,0.00218780734678897,0.00218780734678897,0.00218780734678897,0.00218780734678897,0.00218780734678897
176,New Juaben South,NEW JUABEN SOUTH MUNICIPAL,2935,2935,2935,2935,2935,2935,2935,2935,2935,2935,2935,2935,0.008415746478146299,0.008415746478146299,0.008415746478146299,0.008415746478146299,0.008415746478146299,0.008415746478146299,0.008415746478146299,0.008415746478146299,0.008415746478146299,0.008415746478146299,0.008415746478146299,0.008415746478146299
177,Ningo Prampram,NINGO/PRAMPRAM,482,482,482,482,482,482,482,482,482,482,482,482,0.0013820748901078419,0.0013820748901078419,0.0013820748901078419,0.0013820748901078419,0.0013820748901078419,0.0013820748901078419,0.0013820748901078419,0.0013820748901078419,0.0013820748901078419,0.0013820748901078419,0.0013820748901078419,0.0013820748901078419
178,Nkoranza North,NKORANZA NORTH,646,646,646,646,646,646,646,646,646,646,646,646,0.0018523244377793898,0.0018523244377793898,0.0018523244377793898,0.0018523244377793898,0.0018523244377793898,0.0018523244377793898,0.0018523244377793898,0.0018523244377793898,0.0018523244377793898,0.0018523244377793898,0.0018523244377793898,0.0018523244377793898
179,Nkoranza South,NKORANZA SOUTH,2031,2031,2031,2031,2031,2031,2031,2031,2031,2031,2031,2031,0.005823639215371426,0.005823639215371426,0.005823639215371426,0.005823639215371426,0.005823639215371426,0.005823639215371426,0.005823639215371426,0.005823639215371426,0.005823639215371426,0.005823639215371426,0.005823639215371426,0.005823639215371426
180,Nkwanta North,NKWANTA NORTH,503,503,503,503,503,503,503,503,503,503,503,503,0.0014422897712121257,0.0014422897712121257,0.0014422897712121257,0.0014422897712121257,0.0014422897712121257,0.0014422897712121257,0.0014422897712121257,0.0014422897712121257,0.0014422897712121257,0.0014422897712121257,0.0014422897712121257,0.0014422897712121257
181,Nkwanta South,NKWANTA SOUTH MUNICIPAL,838,838,838,838,838,838,838,838,838,838,838,838,0.0024028604935899824,0.0024028604935899824,0.0024028604935899824,0.0024028604935899824,0.0024028604935899824,0.0024028604935899824,0.0024028604935899824,0.0024028604935899824,0.0024028604935899824,0.0024028604935899824,0.0024028604935899824,0.0024028604935899824
182,North Dayi,NORTH DAYI,447,447,447,447,447,447,447,447,447,447,447,447,0.001281716754934036,0.001281716754934036,0.001281716754934036,0.001281716754934036,0.001281716754934036,0.001281716754934036,0.001281716754934036,0.001281716754934036,0.001281716754934036,0.001281716754934036,0.001281716754934036,0.001281716754934036
183,North Gonja,NORTH GONJA,424,424,424,424,424,424,424,424,424,424,424,424,0.0012157671232483922,0.0012157671232483922,0.0012157671232483922,0.0012157671232483922,0.0012157671232483922,0.0012157671232483922,0.0012157671232483922,0.0012157671232483922,0.0012157671232483922,0.0012157671232483922,0.0012157671232483922,0.0012157671232483922
184,North Tongu,NORTH TONGU,764,764,764,764,764,764,764,764,764,764,764,764,0.00219067472207965,0.00219067472207965,0.00219067472207965,0.00219067472207965,0.00219067472207965,0.00219067472207965,0.00219067472207965,0.00219067472207965,0.00219067472207965,0.00219067472207965,0.00219067472207965,0.00219067472207965
185,North-East Gonja,NORTH EAST GONJA,98,98,98,98,98,98,98,98,98,98,98,98,0.0002810027784866567,0.0002810027784866567,0.0002810027784866567,0.0002810027784866567,0.0002810027784866567,0.0002810027784866567,0.0002810027784866567,0.0002810027784866567,0.0002810027784866567,0.0002810027784866567,0.0002810027784866567,0.0002810027784866567
186,Nsawam-Adoagyiri,NSAWAM ADOAGYIRE MUNICIPAL,2348,2348,2348,2348,2348,2348,2348,2348,2348,2348,2348,2348,0.0067325971825170396,0.0067325971825170396,0.0067325971825170396,0.0067325971825170396,0.0067325971825170396,0.0067325971825170396,0.0067325971825170396,0.0067325971825170396,0.0067325971825170396,0.0067325971825170396,0.0067325971825170396,0.0067325971825170396
187,Nzema East,NZEMA EAST,673,673,673,673,673,673,673,673,673,673,673,673,0.0019297435706277545,0.0019297435706277545,0.0019297435706277545,0.0019297435706277545,0.0019297435706277545,0.0019297435706277545,0.0019297435706277545,0.0019297435706277545,0.0019297435706277545,0.0019297435706277545,0.0019297435706277545,0.0019297435706277545
188,Obuasi,OBUASI MUNICIPAL,1600,1600,1600,1600,1600,1600,1600,1600,1600,1600,1600,1600,0.004587800465088272,0.004587800465088272,0.004587800465088272,0.004587800465088272,0.004587800465088272,0.004587800465088272,0.004587800465088272,0.004587800465088272,0.004587800465088272,0.004587800465088272,0.004587800465088272,0.004587800465088272
189,Obuasi East,OBUASI EAST,1815,1815,1815,1815,1815,1815,1815,1815,1815,1815,1815,1815,0.005204286152584509,0.005204286152584509,0.005204286152584509,0.005204286152584509,0.005204286152584509,0.005204286152584509,0.005204286152584509,0.005204286152584509,0.005204286152584509,0.005204286152584509,0.005204286152584509,0.005204286152584509
190,Offinso,OFFINSO MUNICIPAL,925,925,925,925,925,925,925,925,925,925,925,925,0.002652322143879157,0.002652322143879157,0.002652322143879157,0.002652322143879157,0.002652322143879157,0.002652322143879157,0.002652322143879157,0.002652322143879157,0.002652322143879157,0.002652322143879157,0.002652322143879157,0.002652322143879157
191,Offinso North,OFFINSO NORTH,1063,1063,1063,1063,1063,1063,1063,1063,1063,1063,1063,1063,0.003048019933993021,0.003048019933993021,0.003048019933993021,0.003048019933993021,0.003048019933993021,0.003048019933993021,0.003048019933993021,0.003048019933993021,0.003048019933993021,0.003048019933993021,0.003048019933993021,0.003048019933993021
192,Oforikrom,OFORIKROM MUNICIPAL,1459,1459,1459,1459,1459,1459,1459,1459,1459,1459,1459,1459,0.004183500549102368,0.004183500549102368,0.004183500549102368,0.004183500549102368,0.004183500549102368,0.004183500549102368,0.004183500549102368,0.004183500549102368,0.004183500549102368,0.004183500549102368,0.004183500549102368,0.004183500549102368
193,Okai Koi North,OKAIKWEI NORTH MUNICIPAL,183,183,183,183,183,183,183,183,183,183,183,183,0.0005247296781944711,0.0005247296781944711,0.0005247296781944711,0.0005247296781944711,0.0005247296781944711,0.0005247296781944711,0.0005247296781944711,0.0005247296781944711,0.0005247296781944711,0.0005247296781944711,0.0005247296781944711,0.0005247296781944711
194,Okere,OKERE,1081,1081,1081,1081,1081,1081,1081,1081,1081,1081,1081,1081,0.003099632689225264,0.003099632689225264,0.003099632689225264,0.003099632689225264,0.003099632689225264,0.003099632689225264,0.003099632689225264,0.003099632689225264,0.003099632689225264,0.003099632689225264,0.003099632689225264,0.003099632689225264
195,Old Tafo,OLD TAFO MUNICIPAL,335,335,335,335,335,335,335,335,335,335,335,335,0.000960570722377857,0.000960570722377857,0.000960570722377857,0.000960570722377857,0.000960570722377857,0.000960570722377857,0.000960570722377857,0.000960570722377857,0.000960570722377857,0.000960570722377857,0.000960570722377857,0.000960570722377857
196,Prestea-Huni Valley,PRESTEA/HUNI VALLEY,821,821,821,821,821,821,821,821,821,821,821,821,0.0023541151136484196,0.0023541151136484196,0.0023541151136484196,0.0023541151136484196,0.0023541151136484196,0.0023541151136484196,0.0023541151136484196,0.0023541151136484196,0.0023541151136484196,0.0023541151136484196,0.0023541151136484196,0.0023541151136484196
197,Pru,PRU EAST,1225,1225,1225,1225,1225,1225,1225,1225,1225,1225,1225,1225,0.003512534731083208,0.003512534731083208,0.003512534731083208,0.003512534731083208,0.003512534731083208,0.003512534731083208,0.003512534731083208,0.003512534731083208,0.003512534731083208,0.003512534731083208,0.003512534731083208,0.003512534731083208
198,Pru West,PRU WEST,393,393,393,393,393,393,393,393,393,393,393,393,0.001126878489237307,0.001126878489237307,0.001126878489237307,0.001126878489237307,0.001126878489237307,0.001126878489237307,0.001126878489237307,0.001126878489237307,0.001126878489237307,0.001126878489237307,0.001126878489237307,0.001126878489237307
199,Pusiga,PUSIGA,1920,1920,1920,1920,1920,1920,1920,1920,1920,1920,1920,1920,0.005505360558105927,0.005505360558105927,0.005505360558105927,0.005505360558105927,0.005505360558105927,0.005505360558105927,0.005505360558105927,0.005505360558105927,0.005505360558105927,0.005505360558105927,0.005505360558105927,0.005505360558105927
200,Saboba,SABOBA,712,712,712,712,712,712,712,712,712,712,712,712,0.002041571206964281,0.002041571206964281,0.002041571206964281,0.002041571206964281,0.002041571206964281,0.002041571206964281,0.002041571206964281,0.002041571206964281,0.002041571206964281,0.002041571206964281,0.002041571206964281,0.002041571206964281
201,Sagnarigu,SAGNERIGU,1492,1492,1492,1492,1492,1492,1492,1492,1492,1492,1492,1492,0.004278123933694814,0.004278123933694814,0.004278123933694814,0.004278123933694814,0.004278123933694814,0.004278123933694814,0.004278123933694814,0.004278123933694814,0.004278123933694814,0.004278123933694814,0.004278123933694814,0.004278123933694814
202,Savelugu,SAVELUGU,725,725,725,725,725,725,725,725,725,725,725,725,0.0020788470857431235,0.0020788470857431235,0.0020788470857431235,0.0020788470857431235,0.0020788470857431235,0.0020788470857431235,0.0020788470857431235,0.0020788470857431235,0.0020788470857431235,0.0020788470857431235,0.0020788470857431235,0.0020788470857431235
203,Sawla-Tuna-Kalba,SAWLA-TUNA-KALBA,645,645,645,645,645,645,645,645,645,645,645,645,0.0018494570624887096,0.0018494570624887096,0.0018494570624887096,0.0018494570624887096,0.0018494570624887096,0.0018494570624887096,0.0018494570624887096,0.0018494570624887096,0.0018494570624887096,0.0018494570624887096,0.0018494570624887096,0.0018494570624887096
204,Sefwi-Akontombra,SEFWI AKONTOMBRA,414,414,414,414,414,414,414,414,414,414,414,414,0.0011870933703415905,0.0011870933703415905,0.0011870933703415905,0.0011870933703415905,0.0011870933703415905,0.0011870933703415905,0.0011870933703415905,0.0011870933703415905,0.0011870933703415905,0.0011870933703415905,0.0011870933703415905,0.0011870933703415905
205,Sefwi-Wiawso,SEFWI-WIAWSO,1828,1828,1828,1828,1828,1828,1828,1828,1828,1828,1828,1828,0.005241562031363351,0.005241562031363351,0.005241562031363351,0.005241562031363351,0.005241562031363351,0.005241562031363351,0.005241562031363351,0.005241562031363351,0.005241562031363351,0.005241562031363351,0.005241562031363351,0.005241562031363351
206,Sekondi-Takoradi,SEKONDI TAKORADI METROPOLIS,5323,5323,5323,5323,5323,5323,5323,5323,5323,5323,5323,5323,0.015263038672290546,0.015263038672290546,0.015263038672290546,0.015263038672290546,0.015263038672290546,0.015263038672290546,0.015263038672290546,0.015263038672290546,0.015263038672290546,0.015263038672290546,0.015263038672290546,0.015263038672290546
207,Sekyere Afram Plains,SEKYERE AFRAM PLAINS NORTH,149,149,149,149,149,149,149,149,149,149,149,149,0.00042723891831134535,0.00042723891831134535,0.00042723891831134535,0.00042723891831134535,0.00042723891831134535,0.00042723891831134535,0.00042723891831134535,0.00042723891831134535,0.00042723891831134535,0.00042723891831134535,0.00042723891831134535,0.00042723891831134535
208,Sekyere Central,SEKYERE CENTRAL,1019,1019,1019,1019,1019,1019,1019,1019,1019,1019,1019,1019,0.0029218554212030933,0.0029218554212030933,0.0029218554212030933,0.0029218554212030933,0.0029218554212030933,0.0029218554212030933,0.0029218554212030933,0.0029218554212030933,0.0029218554212030933,0.0029218554212030933,0.0029218554212030933,0.0029218554212030933
209,Sekyere East,SEKYERE EAST,1650,1650,1650,1650,1650,1650,1650,1650,1650,1650,1650,1650,0.004731169229622281,0.004731169229622281,0.004731169229622281,0.004731169229622281,0.004731169229622281,0.004731169229622281,0.004731169229622281,0.004731169229622281,0.004731169229622281,0.004731169229622281,0.004731169229622281,0.004731169229622281
210,Sekyere Kumawu,SEKYERE KUMAWU,569,569,569,569,569,569,569,569,569,569,569,569,0.0016315365403970167,0.0016315365403970167,0.0016315365403970167,0.0016315365403970167,0.0016315365403970167,0.0016315365403970167,0.0016315365403970167,0.0016315365403970167,0.0016315365403970167,0.0016315365403970167,0.0016315365403970167,0.0016315365403970167
211,Sekyere South,SEKYERE SOUTH,1431,1431,1431,1431,1431,1431,1431,1431,1431,1431,1431,1431,0.004103214040963323,0.004103214040963323,0.004103214040963323,0.004103214040963323,0.004103214040963323,0.004103214040963323,0.004103214040963323,0.004103214040963323,0.004103214040963323,0.004103214040963323,0.004103214040963323,0.004103214040963323
212,Sene East,SENE EAST,732,732,732,732,732,732,732,732,732,732,732,732,0.0020989187127778844,0.0020989187127778844,0.0020989187127778844,0.0020989187127778844,0.0020989187127778844,0.0020989187127778844,0.0020989187127778844,0.0020989187127778844,0.0020989187127778844,0.0020989187127778844,0.0020989187127778844,0.0020989187127778844
213,Sene West,SENE WEST,2015,2015,2015,2015,2015,2015,2015,2015,2015,2015,2015,2015,0.005777761210720543,0.005777761210720543,0.005777761210720543,0.005777761210720543,0.005777761210720543,0.005777761210720543,0.005777761210720543,0.005777761210720543,0.005777761210720543,0.005777761210720543,0.005777761210720543,0.005777761210720543
214,Shai-Osudoku,SHAI OSUDOKU,914,914,914,914,914,914,914,914,914,914,914,914,0.0026207810156816756,0.0026207810156816756,0.0026207810156816756,0.0026207810156816756,0.0026207810156816756,0.0026207810156816756,0.0026207810156816756,0.0026207810156816756,0.0026207810156816756,0.0026207810156816756,0.0026207810156816756,0.0026207810156816756
215,Shama,SHAMA,3517,3517,3517,3517,3517,3517,3517,3517,3517,3517,3517,3517,0.010084558897322158,0.010084558897322158,0.010084558897322158,0.010084558897322158,0.010084558897322158,0.010084558897322158,0.010084558897322158,0.010084558897322158,0.010084558897322158,0.010084558897322158,0.010084558897322158,0.010084558897322158
216,Sissala East,SISSALA EAST,1161,1161,1161,1161,1161,1161,1161,1161,1161,1161,1161,1161,0.0033290227124796773,0.0033290227124796773,0.0033290227124796773,0.0033290227124796773,0.0033290227124796773,0.0033290227124796773,0.0033290227124796773,0.0033290227124796773,0.0033290227124796773,0.0033290227124796773,0.0033290227124796773,0.0033290227124796773
217,Sissala West,SISSALA WEST,1627,1627,1627,1627,1627,1627,1627,1627,1627,1627,1627,1627,0.004665219597936637,0.004665219597936637,0.004665219597936637,0.004665219597936637,0.004665219597936637,0.004665219597936637,0.004665219597936637,0.004665219597936637,0.004665219597936637,0.004665219597936637,0.004665219597936637,0.004665219597936637
218,South Dayi,SOUTH DAYI,1067,1067,1067,1067,1067,1067,1067,1067,1067,1067,1067,1067,0.0030594894351557416,0.0030594894351557416,0.0030594894351557416,0.0030594894351557416,0.0030594894351557416,0.0030594894351557416,0.0030594894351557416,0.0030594894351557416,0.0030594894351557416,0.0030594894351557416,0.0030594894351557416,0.0030594894351557416
219,South Tongu,SOUTH TONGU,1021,1021,1021,1021,1021,1021,1021,1021,1021,1021,1021,1021,0.0029275901717844537,0.0029275901717844537,0.0029275901717844537,0.0029275901717844537,0.0029275901717844537,0.0029275901717844537,0.0029275901717844537,0.0029275901717844537,0.0029275901717844537,0.0029275901717844537,0.0029275901717844537,0.0029275901717844537
220,Suaman,SUAMAN,259,259,259,259,259,259,259,259,259,259,259,259,0.000742650200286164,0.000742650200286164,0.000742650200286164,0.000742650200286164,0.000742650200286164,0.000742650200286164,0.000742650200286164,0.000742650200286164,0.000742650200286164,0.000742650200286164,0.000742650200286164,0.000742650200286164
221,Suame,SUAME MUNICIPAL,820,820,820,820,820,820,820,820,820,820,820,820,0.0023512477383577394,0.0023512477383577394,0.0023512477383577394,0.0023512477383577394,0.0023512477383577394,0.0023512477383577394,0.0023512477383577394,0.0023512477383577394,0.0023512477383577394,0.0023512477383577394,0.0023512477383577394,0.0023512477383577394
222,Suhum,SUHUM MUNICIPAL,1152,1152,1152,1152,1152,1152,1152,1152,1152,1152,1152,1152,0.003303216334863556,0.003303216334863556,0.003303216334863556,0.003303216334863556,0.003303216334863556,0.003303216334863556,0.003303216334863556,0.003303216334863556,0.003303216334863556,0.003303216334863556,0.003303216334863556,0.003303216334863556
223,Sunyani Municipal,SUNYANI MUNICIPAL,5052,5052,5052,5052,5052,5052,5052,5052,5052,5052,5052,5052,0.01448597996851622,0.01448597996851622,0.01448597996851622,0.01448597996851622,0.01448597996851622,0.01448597996851622,0.01448597996851622,0.01448597996851622,0.01448597996851622,0.01448597996851622,0.01448597996851622,0.01448597996851622
224,Sunyani West,SUNYANI WEST,1758,1758,1758,1758,1758,1758,1758,1758,1758,1758,1758,1758,0.005040845761015739,0.005040845761015739,0.005040845761015739,0.005040845761015739,0.005040845761015739,0.005040845761015739,0.005040845761015739,0.005040845761015739,0.005040845761015739,0.005040845761015739,0.005040845761015739,0.005040845761015739
225,Tain,TAIN,2127,2127,2127,2127,2127,2127,2127,2127,2127,2127,2127,2127,0.0060989072432767215,0.0060989072432767215,0.0060989072432767215,0.0060989072432767215,0.0060989072432767215,0.0060989072432767215,0.0060989072432767215,0.0060989072432767215,0.0060989072432767215,0.0060989072432767215,0.0060989072432767215,0.0060989072432767215
226,Talensi,TALENSI,1940,1940,1940,1940,1940,1940,1940,1940,1940,1940,1940,1940,0.00556270806391953,0.00556270806391953,0.00556270806391953,0.00556270806391953,0.00556270806391953,0.00556270806391953,0.00556270806391953,0.00556270806391953,0.00556270806391953,0.00556270806391953,0.00556270806391953,0.00556270806391953
227,Tamale,TAMALE METROPOLITAN,2083,2083,2083,2083,2083,2083,2083,2083,2083,2083,2083,2083,0.005972742730486794,0.005972742730486794,0.005972742730486794,0.005972742730486794,0.005972742730486794,0.005972742730486794,0.005972742730486794,0.005972742730486794,0.005972742730486794,0.005972742730486794,0.005972742730486794,0.005972742730486794
228,Tano North,TANO NORTH MUNICIPAL,2528,2528,2528,2528,2528,2528,2528,2528,2528,2528,2528,2528,0.00724872473483947,0.00724872473483947,0.00724872473483947,0.00724872473483947,0.00724872473483947,0.00724872473483947,0.00724872473483947,0.00724872473483947,0.00724872473483947,0.00724872473483947,0.00724872473483947,0.00724872473483947
229,Tano South,TANO SOUTH MUNICIPAL,895,895,895,895,895,895,895,895,895,895,895,895,0.0025663008851587524,0.0025663008851587524,0.0025663008851587524,0.0025663008851587524,0.0025663008851587524,0.0025663008851587524,0.0025663008851587524,0.0025663008851587524,0.0025663008851587524,0.0025663008851587524,0.0025663008851587524,0.0025663008851587524
230,Tarkwa-Nsuaem,TARKWA NSUAEM,4933,4933,4933,4933,4933,4933,4933,4933,4933,4933,4933,4933,0.01414476230892528,0.01414476230892528,0.01414476230892528,0.01414476230892528,0.01414476230892528,0.01414476230892528,0.01414476230892528,0.01414476230892528,0.01414476230892528,0.01414476230892528,0.01414476230892528,0.01414476230892528
231,Tatale-Sangule,TATALE SANGULI,655,655,655,655,655,655,655,655,655,655,655,655,0.0018781308153955115,0.0018781308153955115,0.0018781308153955115,0.0018781308153955115,0.0018781308153955115,0.0018781308153955115,0.0018781308153955115,0.0018781308153955115,0.0018781308153955115,0.0018781308153955115,0.0018781308153955115,0.0018781308153955115
232,Techiman Municipal,TECHIMAN MUNICIPAL,4367,4367,4367,4367,4367,4367,4367,4367,4367,4367,4367,4367,0.012521827894400303,0.012521827894400303,0.012521827894400303,0.012521827894400303,0.012521827894400303,0.012521827894400303,0.012521827894400303,0.012521827894400303,0.012521827894400303,0.012521827894400303,0.012521827894400303,0.012521827894400303
233,Techiman North,TECHIMAN NORTH,1231,1231,1231,1231,1231,1231,1231,1231,1231,1231,1231,1231,0.0035297389828272893,0.0035297389828272893,0.0035297389828272893,0.0035297389828272893,0.0035297389828272893,0.0035297389828272893,0.0035297389828272893,0.0035297389828272893,0.0035297389828272893,0.0035297389828272893,0.0035297389828272893,0.0035297389828272893
234,Tema,TEMA METROPOLITAN,707,707,707,707,707,707,707,707,707,707,707,707,0.00202723433051088,0.00202723433051088,0.00202723433051088,0.00202723433051088,0.00202723433051088,0.00202723433051088,0.00202723433051088,0.00202723433051088,0.00202723433051088,0.00202723433051088,0.00202723433051088,0.00202723433051088
235,Tema West,TEMA WEST MUNICIPAL,170,170,170,170,170,170,170,170,170,170,170,170,0.0004874537994156289,0.0004874537994156289,0.0004874537994156289,0.0004874537994156289,0.0004874537994156289,0.0004874537994156289,0.0004874537994156289,0.0004874537994156289,0.0004874537994156289,0.0004874537994156289,0.0004874537994156289,0.0004874537994156289
236,Tempane,TEMPANE,1963,1963,1963,1963,1963,1963,1963,1963,1963,1963,1963,1963,0.005628657695605174,0.005628657695605174,0.005628657695605174,0.005628657695605174,0.005628657695605174,0.005628657695605174,0.005628657695605174,0.005628657695605174,0.005628657695605174,0.005628657695605174,0.005628657695605174,0.005628657695605174
237,Tolon,TOLON,831,831,831,831,831,831,831,831,831,831,831,831,0.0023827888665552215,0.0023827888665552215,0.0023827888665552215,0.0023827888665552215,0.0023827888665552215,0.0023827888665552215,0.0023827888665552215,0.0023827888665552215,0.0023827888665552215,0.0023827888665552215,0.0023827888665552215,0.0023827888665552215
238,Twifo-Ati-Mokwa,TWIFO ATTI-MORKWA,908,908,908,908,908,908,908,908,908,908,908,908,0.0026035767639375944,0.0026035767639375944,0.0026035767639375944,0.0026035767639375944,0.0026035767639375944,0.0026035767639375944,0.0026035767639375944,0.0026035767639375944,0.0026035767639375944,0.0026035767639375944,0.0026035767639375944,0.0026035767639375944
239,Twifo-Hemang Lower Denkyira,TWIFO HEMANG LOWER DENKYIRA,192,192,192,192,192,192,192,192,192,192,192,192,0.0005505360558105927,0.0005505360558105927,0.0005505360558105927,0.0005505360558105927,0.0005505360558105927,0.0005505360558105927,0.0005505360558105927,0.0005505360558105927,0.0005505360558105927,0.0005505360558105927,0.0005505360558105927,0.0005505360558105927
240,Upper Denkyira East,UPPER DENKYIRA EAST MUNICIPAL,1147,1147,1147,1147,1147,1147,1147,1147,1147,1147,1147,1147,0.003288879458410155,0.003288879458410155,0.003288879458410155,0.003288879458410155,0.003288879458410155,0.003288879458410155,0.003288879458410155,0.003288879458410155,0.003288879458410155,0.003288879458410155,0.003288879458410155,0.003288879458410155
241,Upper Denkyira West,UPPER DENKYIRA WEST,585,585,585,585,585,585,585,585,585,585,585,585,0.0016774145450478995,0.0016774145450478995,0.0016774145450478995,0.0016774145450478995,0.0016774145450478995,0.0016774145450478995,0.0016774145450478995,0.0016774145450478995,0.0016774145450478995,0.0016774145450478995,0.0016774145450478995,0.0016774145450478995
242,Upper Manya-Krobo,UPPER MANYA KROBO,592,592,592,592,592,592,592,592,592,592,592,592,0.0016974861720826606,0.0016974861720826606,0.0016974861720826606,0.0016974861720826606,0.0016974861720826606,0.0016974861720826606,0.0016974861720826606,0.0016974861720826606,0.0016974861720826606,0.0016974861720826606,0.0016974861720826606,0.0016974861720826606
243,Upper West Akim,UPPER WEST AKIM,622,622,622,622,622,622,622,622,622,622,622,622,0.001783507430803066,0.001783507430803066,0.001783507430803066,0.001783507430803066,0.001783507430803066,0.001783507430803066,0.001783507430803066,0.001783507430803066,0.001783507430803066,0.001783507430803066,0.001783507430803066,0.001783507430803066
244,Wa East,WA EAST,461,461,461,461,461,461,461,461,461,461,461,461,0.0013218600090035583,0.0013218600090035583,0.0013218600090035583,0.0013218600090035583,0.0013218600090035583,0.0013218600090035583,0.0013218600090035583,0.0013218600090035583,0.0013218600090035583,0.0013218600090035583,0.0013218600090035583,0.0013218600090035583
245,Wa Municipal,WA MUNICIPAL,3718,3718,3718,3718,3718,3718,3718,3718,3718,3718,3718,3718,0.010660901330748873,0.010660901330748873,0.010660901330748873,0.010660901330748873,0.010660901330748873,0.010660901330748873,0.010660901330748873,0.010660901330748873,0.010660901330748873,0.010660901330748873,0.010660901330748873,0.010660901330748873
246,Wa West,WA WEST,1244,1244,1244,1244,1244,1244,1244,1244,1244,1244,1244,1244,0.003567014861606132,0.003567014861606132,0.003567014861606132,0.003567014861606132,0.003567014861606132,0.003567014861606132,0.003567014861606132,0.003567014861606132,0.003567014861606132,0.003567014861606132,0.003567014861606132,0.003567014861606132
247,Wassa Amenfi Central,WASSA AMENFI CENTRAL,733,733,733,733,733,733,733,733,733,733,733,733,0.0021017860880685646,0.0021017860880685646,0.0021017860880685646,0.0021017860880685646,0.0021017860880685646,0.0021017860880685646,0.0021017860880685646,0.0021017860880685646,0.0021017860880685646,0.0021017860880685646,0.0021017860880685646,0.0021017860880685646
248,Wassa Amenfi East,WASSA AMENFI EAST,1552,1552,1552,1552,1552,1552,1552,1552,1552,1552,1552,1552,0.004450166451135624,0.004450166451135624,0.004450166451135624,0.004450166451135624,0.004450166451135624,0.004450166451135624,0.004450166451135624,0.004450166451135624,0.004450166451135624,0.004450166451135624,0.004450166451135624,0.004450166451135624
249,Wassa Amenfi West,WASSA AMENFI WEST,2826,2826,2826,2826,2826,2826,2826,2826,2826,2826,2826,2826,0.008103202571462161,0.008103202571462161,0.008103202571462161,0.008103202571462161,0.008103202571462161,0.008103202571462161,0.008103202571462161,0.008103202571462161,0.008103202571462161,0.008103202571462161,0.008103202571462161,0.008103202571462161
250,Wassa East,WASSA EAST,38409,38409,38409,38409,38409,38409,38409,38409,38409,38409,38409,38409,0.11013301753973466,0.11013301753973466,0.11013301753973466,0.11013301753973466,0.11013301753973466,0.11013301753973466,0.11013301753973466,0.11013301753973466,0.11013301753973466,0.11013301753973466,0.11013301753973466,0.11013301753973466
251,Weija-Gbawe,WEIJA GBAWE MUNICIPAL,117,117,117,117,117,117,117,117,117,117,117,117,0.0003354829090095799,0.0003354829090095799,0.0003354829090095799,0.0003354829090095799,0.0003354829090095799,0.0003354829090095799,0.0003354829090095799,0.0003354829090095799,0.0003354829090095799,0.0003354829090095799,0.0003354829090095799,0.0003354829090095799
252,Wenchi,WENCHI MUNICIPAL,1380,1380,1380,1380,1380,1380,1380,1380,1380,1380,1380,1380,0.003956977901138635,0.003956977901138635,0.003956977901138635,0.003956977901138635,0.003956977901138635,0.003956977901138635,0.003956977901138635,0.003956977901138635,0.003956977901138635,0.003956977901138635,0.003956977901138635,0.003956977901138635
253,West Akim,WEST AKIM MUNICIPAL,1831,1831,1831,1831,1831,1831,1831,1831,1831,1831,1831,1831,0.005250164157235391,0.005250164157235391,0.005250164157235391,0.005250164157235391,0.005250164157235391,0.005250164157235391,0.005250164157235391,0.005250164157235391,0.005250164157235391,0.005250164157235391,0.005250164157235391,0.005250164157235391
254,West Gonja,WEST GONJA,488,488,488,488,488,488,488,488,488,488,488,488,0.001399279141851923,0.001399279141851923,0.001399279141851923,0.001399279141851923,0.001399279141851923,0.001399279141851923,0.001399279141851923,0.001399279141851923,0.001399279141851923,0.001399279141851923,0.001399279141851923,0.001399279141851923
255,West Mamprusi,WEST MAMPRUSI MUNICIPAL,600,600,600,600,600,600,600,600,600,600,600,600,0.0017204251744081021,0.0017204251744081021,0.0017204251744081021,0.0017204251744081021,0.0017204251744081021,0.0017204251744081021,0.0017204251744081021,0.0017204251744081021,0.0017204251744081021,0.0017204251744081021,0.0017204251744081021,0.0017204251744081021
256,Yendi,YENDI MUNICIPAL,971,971,971,971,971,971,971,971,971,971,971,971,0.002784221407250445,0.002784221407250445,0.002784221407250445,0.002784221407250445,0.002784221407250445,0.002784221407250445,0.002784221407250445,0.002784221407250445,0.002784221407250445,0.002784221407250445,0.002784221407250445,0.002784221407250445
257,Yilo-Krobo,YILO KROBO MUNICIPAL,1787,1787,1787,1787,1787,1787,1787,1787,1787,1787,1787,1787,0.005123999644445464,0.005123999644445464,0.005123999644445464,0.005123999644445464,0.005123999644445464,0.005123999644445464,0.005123999644445464,0.005123999644445464,0.005123999644445464,0.005123999644445464,0.005123999644445464,0.005123999644445464
258,Yunyoo-Nasuan,YUNYOO-NASUAN,371,371,371,371,371,371,371,371,371,371,371,371,0.0010637962328423432,0.0010637962328423432,0.0010637962328423432,0.0010637962328423432,0.0010637962328423432,0.0010637962328423432,0.0010637962328423432,0.0010637962328423432,0.0010637962328423432,0.0010637962328423432,0.0010637962328423432,0.0010637962328423432
259,Zabzugu,ZABZUGU,348,348,348,348,348,348,348,348,348,348,348,348,0.0009978466011566992,0.0009978466011566992,0.0009978466011566992,0.0009978466011566992,0.0009978466011566992,0.0009978466011566992,0.0009978466011566992,0.0009978466011566992,0.0009978466011566992,0.0009978466011566992,0.0009978466011566992,0.0009978466011566992
